cookie_id,score
ck_99a4e5ef02d89493,0.028224452462442533
ck_54d463f7fd89ec3d,0.031308739637936456
ck_0fbbc7a6af300368,0.00260667893922852
ck_8fd4937eadd64fb6,0.0025466015509260503
ck_dbb4bd4eda97255d,0.00478418874611891
ck_6e67225ba59fa5ae,0.053098662616738485
ck_94b59bbc824b307a,0.003769117896245866
ck_b87e88ee5512ea17,0.005762857356457123
ck_36789ca11459131e,0.07863734137861828
ck_4364a83a11743888,0.0017700430613691606
ck_cf59f4fc0ea690b2,0.006818975901322679
ck_bfdd232a7c5f2660,0.027305584059877434
ck_84092e23d5ef4d51,0.04319989284515419
ck_c2925c50ebacbdba,0.002174340010136952
ck_66c9a19963957531,0.07155332209729175
ck_d637a011332ba67a,0.005566392464206879
ck_1bd753a4681946c8,0.9814791441906773
ck_c30c5844512e429f,0.056349841931354866
ck_396cea6f95186ad2,0.022161817792761822
ck_64a02b7b96149810,0.0008611427506348906
ck_b1ed2278f5f14d82,0.018155807613540395
ck_b153386f1729de81,0.004845125807201299
ck_601edf9105b3c321,0.9951994948251516
ck_d3a8333cb389f4c6,0.011848391153729885
ck_3c17841636f6f7dc,0.00346988509794433
ck_333544d173524f70,0.07224486780970096
ck_87c1d0a79e79c84b,0.007411756370815663
ck_585ababa02383b50,0.002748286743860182
ck_3e0149cdee4cb294,0.021805000328494244
ck_b864f64101149c35,0.330956199582225
ck_5b2728f7cca414ae,0.00042111723821203136
ck_cd7d24e3b095e96e,0.047193674905428855
ck_f3dc0725621b3a35,0.0043981322716434255
ck_9eb08369e983abfa,0.001318616691828088
ck_7836bf6def26aa87,0.05935574075188892
ck_fd4582e3853ef23f,0.007350910940796512
ck_2cdad03ed069438c,0.017376860802265522
ck_614d936cef98db04,0.003617811783786465
ck_ecc18f40b33be769,0.057407721004521295
ck_a93560aa348d6225,0.04070643158637403
ck_90f3655f0c8a0074,0.0012877103675985116
ck_a045a19369016818,0.9983946458295093
ck_69ab9d4784eb77bd,0.007245978452126614
ck_61129937ee466b49,0.021391449536824394
ck_74112e47b8629c2a,0.11050860957444948
ck_d841eba8906e9a15,0.0028944968140578496
ck_78aa4b731cbfe251,0.0027162885655342465
ck_25394c1b83e0b803,0.049144923204180624
ck_16c501470d9bb006,0.00628655414484928
ck_69ff1b0aa143a168,0.0003288813666056134
ck_6d64190623dea714,0.002724032057155543
ck_5d7721930106dce8,0.016178816602361073
ck_466d4b5366c50b98,0.0020554882230510874
ck_641c8e7694b21f3b,0.017948528102032447
ck_66779098e78c1760,0.0015499206532189158
ck_ed8f1200fc049c40,0.9752241714260949
ck_55f2ef0de3420e3e,0.03762947233752097
ck_968a99e097ee78c9,0.12306768558861016
ck_a98848eec6c9581e,0.028234668063633266
ck_7eaad325abe3b50c,0.0031278698779031
ck_834ca727df855f07,0.09220605270353613
ck_6b1ab0742ff04c3e,0.027659849831485027
ck_fcc2059a8d5c41fa,0.05478892313825121
ck_a96887f841e80fc1,0.02905216935068896
ck_718865237134ebe8,0.003068852135656354
ck_5df85a8924e11f27,0.057756760969571996
ck_958c0bd61820147f,0.02875630221561157
ck_b4331140b2e0d4aa,0.008819342901898883
ck_8153cdadd300d234,0.0014768706110399135
ck_d4c1da5a1427fd6a,0.019048910257918755
ck_ac32c6e374782b27,0.0525507515555738
ck_465cb8ce232c7670,0.0057794213630065336
ck_022a8ae79eb28cf6,0.9047290047312061
ck_7a7f3c4fe0c9d2ca,0.006099150964891415
ck_4802a0a7a1882c88,0.2263157228237842
ck_8b5b5a6b5539e39b,0.8266127949116052
ck_9693b1eb70880205,0.011333474148099376
ck_59a164c40c03a45f,0.01154424532362705
ck_154c8efb19dee665,0.006268638559040893
ck_149662b09d632e41,0.0065710675880137435
ck_ddaf228487858bb8,0.01160199790844526
ck_76c23726cd7ca947,0.008154671224837897
ck_32eba3510c8eac5e,0.007912741660624119
ck_41dd44308e6a665a,0.15278813015829376
ck_efbdcd9c181e72ca,0.003543515770552742
ck_771247b5bc16c12a,0.004257946391452782
ck_692a9e8f504b9762,0.0004971106189679123
ck_ceb017baa26e98c8,0.03987365518947699
ck_908b663b2dda94ad,0.04219222971796837
ck_29da59ea3bffb9d8,0.2214756331183059
ck_2795921a055643f6,0.0018287105688762808
ck_fec888a7108ca52d,0.9883439177872234
ck_37dab6a0a536ed49,0.07969406984704613
ck_2c1def5c91c52a5b,0.1669430474049803
ck_0cb9f54928f4feee,0.01707819447370215
ck_677e1d0c14cbf569,0.002489841071873658
ck_192fdad892782daf,0.04079993386653082
ck_e5e2624b7fc89774,0.02407424496096551
ck_5138f6c575dec64c,0.0127642521028494
ck_5f4a25ffd0b85a47,0.01905056964780005
ck_aebb42afe430e2e9,0.0022973401591160915
ck_44e9a18a8645c9d3,0.010501926214210873
ck_79ba8e85678d0224,0.016343022219834625
ck_ef1a1de20d2124cb,0.013798370028840243
ck_e7d903c50d353361,0.017363308247467787
ck_bcbd8588a13f5eef,0.0009601847422855365
ck_80e3041811033443,0.04661764750974615
ck_bdee1221b9addff8,0.003643269865695518
ck_dfc933493561d84f,0.004341452349663845
ck_e0f9506a6d5f4a1a,0.003082841195530066
ck_a911a066ff0f7b56,0.02708568492277963
ck_5c45968a805132e0,0.01711696520041154
ck_152820d8817f478c,0.0034083737795581074
ck_13f03ec785cbdae1,0.0009212970446545877
ck_a662b4bf900781e4,0.0012378560990116646
ck_0c0dde42ab64ef87,0.026918242671102422
ck_cb3a40594da6a2ee,0.03184981216677425
ck_a69084a068bcc8aa,0.037792503322884204
ck_f3bce4eccfa6d6bb,0.0016992458665767733
ck_794d8935a895e33f,0.044417788307771364
ck_5f217bfe28954e75,0.994579696516198
ck_9700a00ff9e66216,0.026917801772378482
ck_9a66cb13a9884cc2,0.010683243306588697
ck_522477be6376b450,0.006516067341659745
ck_4f6ed5ea5ab7c429,0.002483510058966339
ck_f5882e6f98b8b4cd,0.002227983074988818
ck_ec01ae5351500355,0.0018009972709150128
ck_cc276f71ab6c08fd,0.030671610191134735
ck_b06ce826e593b210,0.0303078597256173
ck_1833c81d693c1e07,0.9383547692003815
ck_b4ad165ace910222,0.0037440085215683276
ck_7ce44f4e06d58111,0.13359801326086235
ck_804c5a1fa5753617,0.0044327908627209605
ck_db2c0908150cb2cc,0.044135679256699686
ck_8530158e3d7f59e7,0.0023871325516528537
ck_efbc79246e32c66a,0.015355752962229723
ck_dfaafdaefa5716b6,0.06415660266873278
ck_75f968be67f46d24,0.013972445628833988
ck_3715bfa7fed2c675,0.0031098133585850066
ck_b5935e9722a39819,0.05494751070883581
ck_e83409471d2b0b44,0.03489314352471608
ck_c729d19053387be9,0.03097129737966036
ck_38d4ed52cbe6d123,0.04130288441321727
ck_ea835557d7043667,0.0038764783823348444
ck_95b48972061abe82,0.0024907066898919574
ck_2981d16f8a51a8ed,0.029813927125109312
ck_30bf5b0056eea9e9,0.3589320504167597
ck_a1c7adfe26e09a8c,0.007733030624280857
ck_1eeacc26f02fbba4,0.021670994256512578
ck_044fa3b3a003f0b5,0.018172384455621558
ck_6cabb1a133f0b151,0.01092538945801679
ck_b71279e807d0b3a7,0.006671538057809027
ck_ba68841ca2ba073d,0.015064077059722573
ck_e1790b3aa2241b10,0.7502413920668949
ck_0bf48607a874b4d1,0.0021010126567041843
ck_fa8a4a9e77799fcc,0.0026639848431502335
ck_52c311f29ca3aca9,0.0005305833640054122
ck_42c6973d3a6fe983,0.0028732300720817902
ck_b524f7a2e752b9d0,0.005905601714066998
ck_14e58c3fb26a2b4d,0.012116511376591272
ck_ec9976cabc63ff92,0.0030852888880528854
ck_9f50920c894f64e1,0.005325821068475496
ck_0259da8f109017e9,0.0024356797959509935
ck_9d8e9ef37797d3af,0.6068382884962594
ck_2d28f14d3973d8fb,0.001461382080469325
ck_f5b1200dc6f95760,0.04321800872800361
ck_20d7571ba830009d,0.008467209468179289
ck_54978a073e7a0b1a,0.008821387023164996
ck_6236a461dc0d11a3,0.0016468339646284061
ck_7d3a88d1aa649708,0.7817476457059366
ck_742f7c28ddd019e8,0.033402307727762204
ck_d979ef95ee44023d,0.01751692450695155
ck_c01c85bd631d4054,0.0017384277769534068
ck_1e832a5b2342554f,0.010507088509248313
ck_9bf95f8c47e7c7b4,0.00473128270735704
ck_6b38763bf5ddbcef,0.010629726497710362
ck_bda4041a3e90d860,0.004810851757758792
ck_703499f5410280f7,0.0017026188553581532
ck_1eabc15a94bd9009,0.010620023888972804
ck_d5bd8f68da073cd8,0.01187182331729221
ck_6e6258227fc8db7f,0.0016776626393176792
ck_be9c46acd216b45d,0.00948139992358991
ck_e2f88e202b6f700a,0.01130602376077224
ck_353a272478f7e903,0.010269977077434397
ck_a2c9796ea229a4e2,0.0038671253522750836
ck_acee218cbe61df69,0.01990070693866088
ck_9704c5cf8659cedc,0.011447952250976313
ck_4b0947bf94e9d847,0.009856470517228686
ck_bb113e3e6716ed65,0.013285965918648663
ck_60b4d59953505682,0.7574430519110145
ck_7dca4d7ee10b4eeb,0.0023475531104541355
ck_4863077723cd6ce1,0.0014304989488731713
ck_469a0578d05990c2,0.0018969664909854408
ck_5db1cb368bc41ac3,0.012672775606223537
ck_b72c7ac4208052ab,0.013089448345710183
ck_abac514d8167ea58,0.06758694908456146
ck_6de2aa2bb60978d3,0.017061280704256332
ck_186dbff4b24a3bbf,0.18843602822662364
ck_7f15503048915d6f,0.0007746405350800932
ck_c35e03b0dd0c3454,0.005708872594145042
ck_2cf8a44e041217de,0.05130041922631724
ck_91955aab3424ad16,0.009719679190266737
ck_a032e8ac1507c6df,0.5980986149543063
ck_342a79f91de5d1fa,0.02430261699975195
ck_3ecd8a5ce65e21ca,0.010661009321194365
ck_45424ea6f0bc4650,0.17173839246671047
ck_41346ccd9242cc8f,0.0006963931053666916
ck_35d6c510ad29362e,0.20334577503012913
ck_9de191bf79afd676,0.01015428996357925
ck_6de6b1663f9457f4,0.0014298260132112903
ck_61814ae9b6d8eab1,0.002868104214848413
ck_60187ac2c473a662,0.9534643888394408
ck_c0b50c11e4f5adf7,0.03913341066967371
ck_062754f8b79b86e5,0.0009125410242670912
ck_0027b5d4107d65d8,0.03465100810525701
ck_d61c837b0106085a,0.05652320767611554
ck_a99e0c258ad7576b,0.0023223652700127325
ck_e76257caa98dc25d,0.9904849916500871
ck_9a65fcfc7916f93f,0.0033128388834546985
ck_c972b0e781efed3b,0.0019071996645295744
ck_3a632cdf2c19051b,0.019897864664169426
ck_9724718fe64c6557,0.9767043911098274
ck_d44dc3839a195c8a,0.05222883666269566
ck_2fc70b6baf6a0e26,0.0018385843870788931
ck_b4911c42f3bff740,0.0007706355723216833
ck_53428573abcd606f,0.022033967039133063
ck_c8198cb4c461304f,0.010932961336970899
ck_852c50bbba1ead13,0.11544852496074419
ck_d5ef6dc116dee408,0.01354165218486835
ck_3ac528caac74f563,0.0064476627702005325
ck_1b0b7c3d35ab1259,0.03364798065192292
ck_f1a9d832b700bda1,0.974655901828057
ck_343e6ed2b9d35c01,0.009289604949235713
ck_803c0b4cf9d4bc1d,0.017256215083111356
ck_c457e9c9224b773d,0.016615623771239055
ck_d305b4d82f63f647,0.0030740504363055026
ck_22bd0fc71f95e048,0.061741855707044886
ck_aab23b5470469649,0.009372530803646906
ck_fe0a9372c9372de9,0.009542887768437168
ck_f6c909c205767956,0.039051055824293704
ck_295bca29c34cfe2e,0.03500433841803941
ck_74e60495f8861156,0.01724191242417437
ck_bd20be9a3392d79b,0.0032282660514391685
ck_952da7ca9f33decb,0.005227228464046043
ck_900d62b3184378c7,0.0011700362425893281
ck_eafe9b89857149b5,0.005895354204541799
ck_509cece86a558de4,0.016950149736182633
ck_c423aa6de3ed1e01,0.0019037022889189965
ck_b5a84c5547378c10,0.0017363336964546173
ck_9528e1d6b1707870,0.00676658401504937
ck_668c7fc7d7e47c0e,0.06658734819497943
ck_5d72ff6cc2963d1a,0.009752736639296189
ck_6c084bfcb38e96c3,0.026785772655145125
ck_66439e697695224c,0.0012782521430237204
ck_e975002c979e12c7,0.07050766415654887
ck_8e039b23acaaac00,0.09753225492778923
ck_9ccb17c35e636c5e,0.017126391692129938
ck_abd3aa292f8edb4d,0.03381606133339866
ck_3ec9b9d8dd7be11c,0.008572970989612856
ck_d6f5c8741697abb3,0.008872594432710781
ck_5d75ea4f5c9080bc,0.693740204569997
ck_a4db6e94a8f77f9d,0.06116727548996851
ck_01c1f06692566ca1,0.005911707571268401
ck_dac7c50bd6d0148f,0.004294403352278074
ck_857a1f5547b9ad68,0.011669454317832534
ck_aefd1ce3ce093cbd,0.00124540529017147
ck_7b59d22cadef3b05,0.09937973717670746
ck_6bc0e5b8c0b7d2bd,0.10504537559129905
ck_2c44ca550e5cfa82,0.020743739769175807
ck_e4ac22046699b99f,0.003831553881471587
ck_ee7a515e87d17d4e,0.007286574092671721
ck_5e512ef5362a3dd6,0.006067287729298211
ck_df1f2dba802296be,0.8594459514353296
ck_49bdba9ee1899dfe,0.026262239968511646
ck_52730906e5b461eb,0.9240329118671843
ck_dab34cf6f0626c9b,0.018559159539902274
ck_f9d8b4813a88c1e6,0.0036066579320114954
ck_c0c4be3f44311b04,0.0030858703919943607
ck_ae3b47d6e1063704,0.011699864799983365
ck_533672fb40531607,0.13392784750813622
ck_2a244f1ae08ef83c,0.028324471431288648
ck_fe429ba3e1aa0e4f,0.015396054648128894
ck_18444be153bac1ca,0.8500275591567819
ck_2ef76f1f36e8b869,0.09901734383888022
ck_99ee90946395d74d,0.5905189851282148
ck_bf2228a052815840,0.006006595482656503
ck_1bb212d1288b9689,0.04805263116481777
ck_9949f53c155b8dde,0.003815696303456064
ck_04a1a46f07885296,0.012319016038186473
ck_70c7679199776a90,0.009164022774047936
ck_231e6dd1fe708000,0.00470286215276376
ck_e013d88ea7939616,0.008345727626017312
ck_d229cf7f5a3f38ca,0.01061906790410186
ck_0ad6fa0e23c3bd0a,0.12217622118817689
ck_3a3daa8b376f2a18,0.0009601102684665785
ck_f0d6633d0834fff5,0.03531338264657137
ck_5472214011fbc2a7,0.0022599834270473104
ck_e0239e6ae30795a7,0.037527244225852505
ck_646bb3c7be5f0817,0.027643670319002778
ck_a9e7f3b2d5dfd97b,0.011286281830797159
ck_d5ef1f6e34bb35b8,0.09480315969829313
ck_615277c8a4e2b18b,0.004109785439354752
ck_11318f7c041a5ba9,0.008648453303150443
ck_6d69e092f9b0848b,0.01895499964387254
ck_fbdac0221bc03f66,0.005990679417502419
ck_3854c08d17704347,0.023111718833035446
ck_a9989a3a94c26634,0.020571192456424057
ck_d3cfb3603f2c6ca3,0.043057583879190786
ck_ba54e0a1c328119b,0.5063934794850452
ck_ecfb771ed2352085,0.010101498687872721
ck_2401e8ff89e574fd,0.7767032336887127
ck_54e2eb018d947790,0.04631773083020528
ck_ad7269eaa65c67f9,0.0187809639652348
ck_cf2ca4f286e289ba,0.06943194039261603
ck_ccfc9ab888ba933d,0.03494510050703501
ck_c881f26c9bf9ae42,0.5748659485538081
ck_a7afdac4ecbf2de4,0.45827264855458444
ck_57d0a7eb7eae2eaf,0.05002853646041627
ck_3fb95862b70f505c,0.04385178833950952
ck_5478eb69ef912785,0.20655204042965974
ck_bf4e7d48770a4a8b,0.05406049312270433
ck_5875828b11406398,0.012391523011277456
ck_3019afee83342701,0.012115988942947506
ck_dfa0ac11fcb1dabd,0.002634404734469185
ck_2d695f8358383092,0.029979373034831863
ck_7717fcb100dc4b5f,0.03433058848177377
ck_682262b455a9edd4,0.0010216123061678878
ck_18270fee7c8fcee8,0.002912485439663438
ck_e6d3ce445b86003f,0.002174834509892222
ck_61d7b0568ec5d6cf,0.021294628010971112
ck_bd1bf9e3e29de281,0.022250257666226042
ck_7ea0bf310fc20c7b,0.7895334109953173
ck_328696b8f5e54ec6,0.09354415526194339
ck_1507f5aa50cdf3a0,0.00606661208837498
ck_ca10102961f99eb4,0.0011664004007260135
ck_61b79dec96d15713,0.001737491390789716
ck_ca7b993e8286af7f,0.0032079494474691584
ck_c9dcd92b2f836b61,0.08308028447172633
ck_fe2fc7d6e5d83f09,0.0053690373460449255
ck_b6e3af0a5119d9a0,0.024349761763598588
ck_e535fb0f0c00418d,0.05277893072457865
ck_31109c899336348d,0.0026736090683541457
ck_d4e024fcda401a31,0.002674695565580868
ck_9cbef9bc95449dca,0.019587648914937913
ck_a397cd64ec5d644b,0.008489201502957507
ck_b0f191e44f9b6f35,0.03508264678635091
ck_3049d744b527f4d0,0.005730891710723871
ck_6f661b428d6fb8e4,0.031734570830424524
ck_da59ab47cb6284ad,0.001647921986801497
ck_5576ffc6aaf6f22c,0.0011023807802702371
ck_8955d7b9030d5eb5,0.044013037209633156
ck_78a61215675b38f0,0.006477595805038948
ck_001e42551cd06e40,0.001934935254573435
ck_3b6057d51fd4c7d6,0.0026570145775926066
ck_87110d84872c0fed,0.011232886720211215
ck_f034adb57391f3d7,0.10727911929264182
ck_d84b5403da4cea7b,0.015739689579442308
ck_f04062216f95fa00,0.05091695002556397
ck_d9573100bbff4014,0.2384782459374248
ck_b5d0d223ef56473f,0.011013732728054627
ck_3aabf5e0f4defb41,0.009354041490850406
ck_ac449ee0c315edde,0.003268835777699096
ck_085d8c42739e2b10,0.9976746950524963
ck_937402a60df0821c,0.0027922644153847475
ck_cd1dc68e441222b1,0.924052096851739
ck_714c5d7cb17bc9f2,0.004408475317089982
ck_1d01b4a609918c4e,0.9268883437791843
ck_cc1c0b93d05b7d20,0.10136688538397233
ck_46f4e1f5026f4d1b,0.0006972565308051895
ck_779491819995625d,0.09722007061838292
ck_46bec0bff167ed3f,0.016791321465687955
ck_92d679d6ac7dcdcb,0.06551430151511196
ck_22a7cf3b99c5e5fd,0.01084649014380696
ck_09faa4e771cf876b,0.019452743132924374
ck_0b2eeb4e00ff7955,0.011604848962467757
ck_9843d0e61c37ebe8,0.996039516056922
ck_e2f792fae128b18e,0.07385804296037764
ck_00aa5fc3b3bc66aa,0.04620550881435867
ck_3dc378f37d0b74b8,0.027461609258193055
ck_5e98ed6391d9f429,0.030027914228907812
ck_9036b2e5e9298a34,0.0029479920876692824
ck_a1cdebfc42a52448,0.0026373831523287474
ck_5f48762a14a0326f,0.004227251744174556
ck_8adb40b168b59d7c,0.026277117001886598
ck_c08e64d424e56c05,0.019153334364460706
ck_68914e67343a7d32,0.005514460413459709
ck_09e9c51eb538b255,0.014566134835627046
ck_f9a68da9e0f0bc85,0.0034948845013456162
ck_498a0acd450944d8,0.0012285840153614138
ck_67ab6f9e05c85085,0.0077871220745996395
ck_aac70764dde15168,0.005942774884563238
ck_e5ece47d0dd10526,0.01923264937545154
ck_aa8b9b36a099e4c8,0.031657587338666665
ck_8d2f62930777416b,0.06668192516612799
ck_8312c49b1431a406,0.009178013471471435
ck_6438ae81d43cb196,0.008319805050898722
ck_949f08f8e80e93ea,0.00199420008462572
ck_f9b439c9161c3e52,0.003424769118455
ck_4dd4ed23e0b927b7,0.15078348403090472
ck_18b36d342b530af4,0.004351009558100353
ck_8c8c98cc694ac900,0.01549857905313406
ck_74b502b20690ccfe,0.010941287761435676
ck_7f0c4f609673ef62,0.014838574181577548
ck_02241f3dc301bebf,0.0095495153834192
ck_6e5752b87324b58c,0.004504471270491823
ck_b4068439c413b150,0.01411612507628065
ck_bc82fb1895fddde5,0.003139876134128223
ck_0a45d033d4e280ea,0.021506579583276893
ck_39a3f1da060e88bf,0.0071608387973305775
ck_8f1cbc432e2774f8,0.03195624342060019
ck_8ef97b55a5fd6ec9,0.003158847888953831
ck_aded05ada490da20,0.0071657076357639375
ck_335e63101b1e6c4c,0.31581828629671505
ck_e5c30947b732f661,0.18285737151148837
ck_f824b326d5089885,0.14598219612508115
ck_a4d7f6a5869d440a,0.9721970872431258
ck_58e20f5a3e7f11b8,0.688174319933349
ck_a04403073c90ce38,0.0004736693433382352
ck_9eea37d2de633b27,0.003087984149393541
ck_fecb39c82c43e76d,0.003347035658070745
ck_f5adad75e1c06731,0.08241157301517849
ck_43dc13b6b6d31297,0.10828197037158523
ck_3acdb083e0d8ad61,0.0014535872651650565
ck_54bfd70022c66983,0.003423791651508957
ck_c422ba389ff00781,0.0018003958628622727
ck_b26cdb2b7b165d2e,0.11912606432927872
ck_4563227b2038ae07,0.22258375719104986
ck_355c4f29089731e8,0.7288924472523527
ck_fa4211c4d826d830,0.0005421152985467419
ck_e886ba71d4a6fd73,0.024433183754203606
ck_f76d929541ed41dd,0.03910473835935054
ck_0f37c554a5057801,0.6989448669910783
ck_0a7ba51d626e932a,0.032073556463547655
ck_55efc92394fee232,0.0060775644096499395
ck_1df4b46c0a4c317d,0.02310385764467108
ck_ee52c7bf88f952ab,0.01352707763998744
ck_bc273f3ce79f7e1a,0.0017367888138221858
ck_9371c700d9830326,0.013901793083754705
ck_65acc43a6dc3e65d,0.011287179992720017
ck_b0ee3a98175b462d,0.0014584733415941708
ck_dfbb2056f1ef7d3b,0.013693896936872844
ck_5043e474f848346d,0.03340932426368056
ck_6be8ae9d78148882,0.003811221176579573
ck_fd4cf578e87703ff,0.03175411094879846
ck_8b24eadf6c72b30c,0.6515967331983483
ck_38c1c75cf055031b,0.0396853481294266
ck_c8001bdb9aafc8a6,0.008062981666140228
ck_d598fe8d2c779ab9,0.00575114721054787
ck_af25c72d16299258,0.0018902884318717978
ck_0c1f088e17e46daf,0.0400441249264503
ck_6c7b41374f9b2e55,0.014610633112486643
ck_e4fd8cbd842b6993,0.004224540365088234
ck_220fda3c11c59b6c,0.11382394497837882
ck_e3e95546a84d0ed8,0.02656068254674146
ck_53c8315b5c30acb4,0.005428952902496249
ck_fdcb1d9265d8fec1,0.02686054532260023
ck_94f4266ee7871345,0.0036307490512997205
ck_7a7e40ee3f97c035,0.22421465260472537
ck_6a519bdac0d94527,0.002377275187841156
ck_ff30dda2c881a4bd,0.460988069675331
ck_e7b4016909405981,0.0037216820871318903
ck_1abb93f6924645e1,0.011980697193765013
ck_5e74fdadb93ff293,0.06254823630571493
ck_fc2a6e27b10b10e9,0.001593741444543282
ck_47ab8e51e5b3a2d8,0.004896632364880605
ck_246989b0c288664f,0.05073057097869751
ck_ddc7c1f3d45fe6e6,0.005179573831770131
ck_0acc3d8c67218b9d,0.002803356893124985
ck_4c840e5585a7b167,0.1812738095123514
ck_1d30eef7110809e5,0.29027365275130323
ck_ebbc9418cd41f692,0.0019583505678375094
ck_93cc12703b500613,0.08057905573418998
ck_5060aefcc8b6f958,0.011521703490501165
ck_0595c2a0c7881e05,0.005187514714758022
ck_d9735647a6b0b0a7,0.6311532606635096
ck_f89719a854fe11d7,0.016981926523913584
ck_d813e15ac91f487c,0.15388534855503663
ck_cb8551453a7bb929,0.003703727584827419
ck_8642e3b6d84f49d3,0.004837970834260093
ck_9ec7f334604a228f,0.023486266754770235
ck_e0b7e2c0bbe228d9,0.002616216461789893
ck_e7b40b60786c1530,0.007391394374675984
ck_edf229c17d25dac1,0.12671401155137743
ck_4424a5223ba2fe00,0.012390410762886314
ck_c96ae2c28086a059,0.02378303382490682
ck_ee40498cd97183d3,0.002716123399937719
ck_13d1b192bbff8f32,0.009284374197496168
ck_079bd18dacb704a8,0.06756745364813932
ck_884168153c9c0c81,0.0021207719908537676
ck_dbe58392635133ca,0.049652347180031246
ck_9440335375701f44,0.008539182663897988
ck_9083ca9fec2a7f4c,0.0040325671039373664
ck_2f9fd36a4a40a6a8,0.0011355126508876838
ck_8bf46e472f3e20de,0.08451301771649103
ck_a76ee3b3e3e522fd,0.08328315759179206
ck_9dd7daacb7833233,0.01007256068113659
ck_8eaf9509ad9462a0,0.0005902867257268945
ck_c5517923458106ae,0.005566525761894383
ck_74a4244eb1f162e4,0.0009009713909641021
ck_fe1b1adae3be70a6,0.5128707043323338
ck_571133b2aa8ead51,0.04246016042337094
ck_2b87683c90acb852,0.014524284319619789
ck_3f730318a9792292,0.013384664182223673
ck_70804f60d9704128,0.035812342354425965
ck_7356f47dbbbe7904,0.0025032084875835046
ck_e7651fb87bb24132,0.0026281432979598646
ck_4a59f4e10bf45d7f,0.0022534917510503454
ck_98e337806104dd88,0.0015832857459958667
ck_c39a9e75760e3201,0.005400587486778311
ck_39d5f6c17c745ab1,0.0006413249607359776
ck_ccbdfe744acff8bb,0.009913530805282171
ck_d6ba7ffd2ae08863,0.00708860957668977
ck_0eeb3d9b3e697edb,0.02573340455498151
ck_2a65f1cc23f1180e,0.0018113270068029872
ck_c91b7fccf6aeb4a5,0.05097427727767222
ck_e55b7fa67db1ec27,0.0020499248248848864
ck_214af0806470ef48,0.0065038926091449435
ck_7fbb709a0fe95759,0.001268356778559298
ck_4a9a791a1d409a3d,0.018562717617159268
ck_99e52c3c2530b69e,0.9881525247963828
ck_eb3fb1106f2f1b21,0.05989325531907362
ck_08b77ad5f8f73007,0.003907184494877819
ck_934fb5064b6eefe2,0.0013138972471992978
ck_6a92cf5f4cf5de38,0.023205329244070354
ck_9ea5872f14cce338,0.007576649504300775
ck_6ff6883633b8c7ba,0.0034206846925988444
ck_f19030e6e85a6776,0.051851017767309514
ck_cdabe60ab59f9d5a,0.007144872528144118
ck_75fb7e56432ee4b2,0.0025509642043209818
ck_bb84b2b30293f566,0.6643936600711072
ck_b898d912d1181ef9,0.019355639361732773
ck_348a525791ae6475,0.07351933642170165
ck_18ddf7e836256e3b,0.012393174923705596
ck_5b73d7c5255e58a3,0.09685917860851959
ck_48d4d63beb26b623,0.005118548066825675
ck_020eb0e454524ecd,0.0011712097029055468
ck_961ddb8ff55d868e,0.0007332180300352516
ck_109fc467ec0a4af5,0.061887261512095615
ck_a872df31b28a5f7f,0.07122095774168259
ck_f0093064aa28f4d0,0.02559739804057997
ck_2b699066665abe8a,0.010197642550055085
ck_a17128972d3e507d,0.0035039820735942927
ck_8f35d229b62c8f23,0.005991590384658737
ck_ef8a6af43fedd464,0.0014991030655318708
ck_1e6628879e9d653c,0.014526265790353439
ck_0aa9db36eb16422a,0.0010948655004260942
ck_b53e88c0e927d896,0.0003980118542203202
ck_a9cd84a6dddfe584,0.016299560210677553
ck_b498fa91a0776ff6,0.018862394617159293
ck_69eda24e931fb36a,0.0008399062079173769
ck_1f0bafec397da8e4,0.014774853152763532
ck_523dce06515b072d,0.006189622518088172
ck_404e2217fd87fdd2,0.00263703389001658
ck_6b954c75aad8c012,0.023469553986108754
ck_614f777c2eb5d537,0.001532448719295404
ck_7f8f864fcc90ca82,0.06962676264034476
ck_58afa1550b3b5294,0.006089229322306186
ck_ca149244b54ef3ad,0.002405289818612462
ck_1573878386886290,0.0034242361491908712
ck_7ecdee2d7127be8b,0.021863348023331872
ck_b667952253503174,0.004035375478870775
ck_c8307fecafa90140,0.006234303727598428
ck_99a92d710a29c1d0,0.011110302572707578
ck_bb6cf7e7b707731d,0.8322778158177385
ck_fe3c1d0ac090d960,0.0717556073946706
ck_fc60f42c68c7024f,0.052112012762464424
ck_f71a4094e889c3af,0.002316468603670754
ck_22311b037456a76e,0.002054862251584832
ck_fb90408f4892a21f,0.013327253864256424
ck_5866b413549765bf,0.0011772213012159116
ck_2ac36e1dff211d38,0.03416488206350582
ck_ba8affe4b9505a95,0.5184409259968559
ck_1b2d9cae92a1aab1,0.1137300798851699
ck_58f4c3ac61fda129,0.08828377106025521
ck_a378c58294001a36,0.8802647630572031
ck_afc484d1b6907983,0.002700805270717769
ck_030cf09525dba4ba,0.002953987686162782
ck_babb95a76c69509d,0.04136907706294961
ck_5662492a54e6688b,0.10056586273243541
ck_db4083a0d043def8,0.5941710753517734
ck_c0032232c2868328,0.0012396861607123486
ck_cc91bd7152d3e9ba,0.013864345082398989
ck_c484c5bda389bf20,0.0026963257994137217
ck_a7ea00a1760ad561,0.9965698323139476
ck_cc90e219f1ebf390,0.0015760454150459558
ck_ddd65711b5651f89,0.0030324299241542706
ck_f589f1e29301b5fd,0.0033956722125606104
ck_8c6f059c95872126,0.001046536288179302
ck_87f82b2b5fee757a,0.027223069134769916
ck_3abfc010091d679d,0.016301588865998633
ck_b8465b1a5666155b,0.030058530812257088
ck_f0bc3bdee6bfbb94,0.026178235840518174
ck_767e0be086b5f601,0.013977357822231732
ck_96810ad39d4cb7b0,0.028098784058259062
ck_9741a82faf5c7889,0.02984966907179301
ck_97ffae702f7c3d08,0.0006149995920674528
ck_963762210edc5694,0.041251751366894525
ck_5ff6108056a3fef5,0.0051409172429835726
ck_3168f4f2778d64e1,0.005322743497941607
ck_59d086fab5998646,0.007116070988459877
ck_43292f70a03ddf2b,0.013629211880049426
ck_0b259620eac51618,0.0021195472221512534
ck_678e74532ac19700,0.007217779587322483
ck_52e1418cf1aa9871,0.01126183075536481
ck_4f875342394c110f,0.016106287357906146
ck_4f639f4ee6ce8d9e,0.05363718575097371
ck_36224a2d394ebfe4,0.039799234006610354
ck_fc4bfd6e739bddea,0.003382470512032665
ck_88ec57a11b11f702,0.9412732053410447
ck_896096cb167254ef,0.035708690770326755
ck_c920901b9a4ba993,0.8610392757832581
ck_2ff1860da2004c84,0.0018533875272198005
ck_631ea1ae91ab333e,0.014581026749657038
ck_0b9fcff9667ec05a,0.004626512935582785
ck_d3eab7a06eb48348,0.04694067857537769
ck_4dec3df58077a257,0.1258526099623166
ck_73d3689728270a2b,0.0010455695039347818
ck_961e7dbc217cfbbc,0.002180197976867733
ck_dd97429277a2fa00,0.057638081259918754
ck_5c37f7563fa7591d,0.012926452476509325
ck_f2ecab85d4693b4e,0.02213161169796049
ck_a0e3a2facd508e49,0.03755931574132999
ck_02e5f9cbbbf2f078,0.022005815352747222
ck_d064428b7e7dc409,0.013189101474761874
ck_4f463ef25325ddfa,0.49574331618993783
ck_a6fe344bbf67f14b,0.009537186515634084
ck_e03b7d0fa0b28f4b,0.011789236753619944
ck_2f6b33bf46976229,0.006173066258563893
ck_9c60ae6958d68dbd,0.10337001199880216
ck_d730ff21bfd7769d,0.004878854282674392
ck_7048bedd554c703b,0.0009432210112222182
ck_9e0383e1fb6e214d,0.13038498852261848
ck_733aff0f56f5b3c9,0.033859444272625834
ck_11af112667c98394,0.005836365751369572
ck_004efa95555437e9,0.0017128709879273174
ck_7de6997178207800,0.002023189116129923
ck_68dd79a51eabf5e6,0.030934183687054265
ck_0567302c57a2417e,0.05618532610298651
ck_59de511b20c842ba,0.0511214683795523
ck_f1ef5cf7f10b16c8,0.013169024002922915
ck_6a475fe324d7d790,0.03225212437553281
ck_31199510b40602a1,0.005265963550011539
ck_2a6d43b9f883b78e,0.16277245023971906
ck_788e78065526ee19,0.027019126605463527
ck_fdf89dc69f700f84,0.2607513202835414
ck_02a8582c2603e675,0.007425118386272763
ck_9c9e8a38bd5a6c88,0.019941668063190938
ck_1c2dcae19539e148,0.028368968508978014
ck_c7a9c7b2eef46a99,0.011845866959252768
ck_d9f8efa6a7800f76,0.0067274687819942735
ck_03c4fa4f3ed3512e,0.005796712847900709
ck_c80a94d4660041fe,0.04902948226471139
ck_4819327a78615485,0.001517025613484947
ck_ab3de3d3e41c2082,0.00418427989130507
ck_e86ad2fe815b6ed9,0.003792236102295974
ck_c51131e53baa59c7,0.004991909643953688
ck_e963d8525018d072,0.04936298259220483
ck_a4a01fd45936b078,0.019384937590196084
ck_66aeb00e44486cda,0.153756193284583
ck_838c52cc1d315ec3,0.05243018134513596
ck_d20d4ba60eec9945,0.011675282738695798
ck_1f1273a67cbad5e5,0.7153396092981817
ck_44e57a0bad5a0745,0.01499862742968658
ck_9df7e153868bca13,0.0066153812500440974
ck_50d7c4dab837bf66,0.013664426108160883
ck_9cde4036d0914427,0.014352115105705984
ck_d557b9feb241b3ec,0.0010846445844104
ck_ba4a6b9aa63964ef,0.010829982008406734
ck_5ccc0c94e5e1f849,0.017643309057572273
ck_3cfeade2cf270fee,0.0052703448545301495
ck_faeb0da678bb86c0,0.002136319909606819
ck_0f35e930d0614613,0.9953705365471075
ck_0e962eacf98a813e,0.002207344990157574
ck_c8b2e2cb349dd0ff,0.007907163688427218
ck_45f57fb8194cefc8,0.011129018360541199
ck_cf6aa24b92c4d33c,0.5791128952639594
ck_f3bc10e3decefce4,0.0018345773667726713
ck_c2466fc40fc9d5ed,0.9850932140811306
ck_5ef50fb07b6737d5,0.016478273577450228
ck_8d0cd981ed3a183a,0.011260043706020045
ck_aeed557007d52e9c,0.00045745956053633513
ck_dcef7887a4f1e435,0.0304762049775731
ck_6d6ac1f5dd882aa5,0.0010269418006390479
ck_9e3fbd04e3532f32,0.34724220836294634
ck_b8e5244e650aa81b,0.028696949779270123
ck_975c2aa3d4a8c51a,0.01155989309373141
ck_4f75144c6f3b13ad,0.015273140233341267
ck_0e7899a57cd617d6,0.0013141428878503509
ck_df8ad2deb0a4ffed,0.018561019614297732
ck_cf7a022178165e56,0.005005095215549132
ck_5bc07deb82edbad7,0.0019235468120689986
ck_f2aa1b677619ab19,0.010680422510863565
ck_cb42e3be6fe87f60,0.004955572332336011
ck_4dfa1c1e9b69fcc8,0.01238512307212269
ck_23756522b58df5d8,0.0019049987559506692
ck_c76f1bf40f3b787b,0.0006455735613835918
ck_dc569c1167ccec0d,0.7930068601173442
ck_1ce20e4223a936b1,0.010441387831201186
ck_6b97d1ab90f6bdeb,0.031304273375378035
ck_1e97899875bb427b,0.005310808849071108
ck_4b00e75c2d2d0522,0.001222907671375949
ck_e80883208e8d0453,0.010124532937827457
ck_636111f7f030496c,0.01651237936788016
ck_a2d0417791d4132d,0.006879360473720643
ck_7a7bb9be5a7e48ad,0.01943278308024202
ck_5d2b9e6e087b8dfc,0.9969935486811556
ck_6957905a65c47879,0.016501943800086894
ck_a33d2325f86ab12d,0.012962053655940465
ck_4df036e2aa7e1056,0.01241810571919728
ck_05ab5b03d0bf9ce4,0.07501114192608871
ck_bc04f51c23290bcc,0.004512958894720555
ck_2ce8931af02a2ce3,0.004017880156405816
ck_dfba788f35d4c372,0.003892931465744958
ck_90eeca1cda79fd41,0.0020861989311185035
ck_f96db2a1f3448d1f,0.005470446336535872
ck_af5842fa7202ff25,0.005676501816308357
ck_ea62ebfc1f04b49a,0.0032851432719525247
ck_75bb521de55644c7,0.007426150201235524
ck_81a960fddf79ecf1,0.9890475421551377
ck_8da980cb2e1e2bfb,0.02782517684098481
ck_fa321945ebedb916,0.057863253009878005
ck_00dafc060c8de32a,0.01741497716462934
ck_f81a97d350397306,0.011684831936794595
ck_255d87b7fb40caa5,0.028050326224707323
ck_d5eb179dc45394c6,0.011842713669285184
ck_628f449e248c19b7,0.04121549782062399
ck_d9506476ad3f9e08,0.008555608676958123
ck_e3f1d85fa5d49396,0.006080329194647502
ck_6f3a28eecd2c4031,0.015311322469718123
ck_46d8c029d46867b2,0.009433507024003527
ck_daf7aea023b7a8f6,0.06577384131591256
ck_aa37993f1c17cd1e,0.05455793860322882
ck_9c3aa9f23d01fa1c,0.0018204247571132922
ck_9658a6ef471053f0,0.00490242242516222
ck_260cfe9141d249f1,0.41770568181174467
ck_8f6ce158c2902877,0.0008317211641508642
ck_430a3d03be588201,0.006043591284163925
ck_b5f9dd00914b4db4,0.017684330938177728
ck_1c6820fc38135ad9,0.01027134915703594
ck_1f22f04dfc08cf27,0.0011984134458778932
ck_aa0a3179f1111674,0.0025884764970996537
ck_9d4b5e6b43bad4d8,0.005235602794283897
ck_e3b3c5a80a567418,0.004344234083098094
ck_937f0da2306b2eb9,0.004955026241245916
ck_cce8b6657a538fe0,0.021216744651391315
ck_9e665618a4860306,0.002860300025560138
ck_8cd274cc85aa35d1,0.03452199036428171
ck_b7da6640fa2f49cf,0.19872422241253007
ck_f568772b6cb3febe,0.020758359314747198
ck_e95c8cc1864bd584,0.007887388158127798
ck_66600620149c8799,0.004042079955464451
ck_81307759252571be,0.007368076946593727
ck_378a9df82b1e0bee,0.2813359781717229
ck_9ede89e8a43c3f53,0.06587466914007747
ck_2ae6949246ea2648,0.0093890177801549
ck_2c27b77c59d8f23b,0.07075548668419886
ck_94940d783e7988e6,0.0068679065337031615
ck_2db10f987d137582,0.04028629439748048
ck_dac3852758f4ea89,0.004820596072191826
ck_b5a3e20fd210017d,0.0034266188760209856
ck_3f7c870510083a51,0.012255052607866537
ck_96a89e720176b389,0.1092364098239948
ck_1aa87cb62acc0ac6,0.003746878771904547
ck_78cc5ec4940fec3b,0.006397488237911553
ck_31742076e9a998f8,0.016199297986270435
ck_3f9e6d356d3dd3cf,0.002049785097348019
ck_ab1b9d019921bca7,0.005759827930946763
ck_c8791f7ebd4d93c7,0.02347452508704385
ck_47a6005fabc33551,0.006163877193444936
ck_5a540b75c866166a,0.04202860673144778
ck_059e4fac6b7f704e,0.004818516980129167
ck_6c72a36b05fa0f4c,0.010686672072638102
ck_966a167758fddfd4,0.04856906431519664
ck_9ce743dd3e92549c,0.0398853622330351
ck_08a6d4903a7fbaca,0.010270733033278284
ck_8e5999c436cf037e,0.0004046240653589303
ck_acc764b49ef02826,0.4767241016857414
ck_7cc2e091806cfa5b,0.03988272436003341
ck_5ef935ac3d4d3332,0.013636013438020738
ck_a84f2cdf695a71d6,0.0036677754785090937
ck_0a4d7acd2a53cbbd,0.006508545401985879
ck_c5e4a17d3efb19a4,0.20031357592439103
ck_8716cbf892c50e29,0.006458694657257203
ck_b8c7771de9b57705,0.011210397210277494
ck_0deb56f3f6452818,0.0068389462549912775
ck_c1e5182bd99e0e35,0.10261577165916543
ck_f786cbc987b70930,0.003168443871852667
ck_ab581082e8f72e3d,0.0039913609990105065
ck_45e70c8a9686580c,0.04843109092846895
ck_6fce5a893613fd2c,0.000828938890869031
ck_003148504557f720,0.11981668390604154
ck_fffa0622344a36ab,0.001014631467251063
ck_d19bf4dc0627113d,0.007629097621196905
ck_a337eb38eefdcc88,0.04326436472089518
ck_d4b23804cebb045d,0.006289315044523516
ck_7bda5b5b927b2905,0.21072754072660121
ck_f8124911450fdf31,0.7764287972337752
ck_b4d2f02d2cd45720,0.4162285153476483
ck_0f4e2ec66d50da5f,0.004764307810988868
ck_186161ce152836f5,0.0028728892862624764
ck_e4d0a9e1102a58b5,0.0034729880910051836
ck_a115a7919ac5875a,0.07317464700877596
ck_c8efa1538b37c359,0.011836249437935941
ck_4d9eb75e8eee90fd,0.02199192471623421
ck_9ea3d5a5a91fef9f,0.10685786910550947
ck_3c59df37895ead2d,0.0029986260534414565
ck_ea269b35406473e8,0.0010608556292644785
ck_2a5b31594206eb30,0.6023857612666975
ck_1fcc5843f39148a9,0.001775034594243651
ck_7951bd4eb99a0175,0.0008011028244225834
ck_abcbde211b6267f8,0.012813745437434174
ck_7b922518f667f76a,0.0007763896607228223
ck_0bfc394c5faa65cb,0.016402832583760154
ck_0bd77fea8ed75a15,0.00847584439548458
ck_7c77e597c951cdad,0.009712437149237639
ck_e72db9d4b2fc9997,0.9851399146814525
ck_ab01db9117acfe3d,0.0022409893095863467
ck_471e4018a23b4e56,0.004786090192316064
ck_4b31a8862a857e6e,0.7729530846162307
ck_87cf36a03bd63c24,0.09359193593045947
ck_adc576690df5b33b,0.007092431704622942
ck_02dbabda93c8c13d,0.0379154872704732
ck_64f5eb4be9e7b8fa,0.21312779040216043
ck_43c1248db37a2eb0,0.0014387551314252313
ck_b08afc91d9ca55db,0.014811620785926948
ck_237508ca4fb37268,0.03721289303932931
ck_982b0bf2e2b6c4f7,0.0015298356345956187
ck_71c3a8e4c12c989f,0.009943973869143365
ck_41938582f4351772,0.05108079629144201
ck_642344e5c652d8df,0.0256561015582167
ck_cee56be5a502fbd1,0.17087371459969664
ck_0f38d4aed68d7d24,0.00664224052001231
ck_3ed4d13f12fd9d0e,0.025992045779702544
ck_1a9e51d092d62c84,0.16828316477250319
ck_22128a4f0d033422,0.016428483046351566
ck_c189b551bd111332,0.0026931173705954515
ck_5d7801201749ffde,0.017461767385972746
ck_982c2392238b7be3,0.4215401828262487
ck_bb4c6b713eb0b978,0.02106758929882877
ck_2605fd571219e28d,0.0009432798569457602
ck_bd30853e9a57b544,0.006696489428656537
ck_a5276af466b681de,0.0015608958299378223
ck_32e486859130458f,0.6897157887077714
ck_9e35b908fca1e4d7,0.0007697864903630447
ck_c285a51ed6214f52,0.013359056544617765
ck_67674348e68d1f25,0.005065170147218179
ck_7878679065876b98,0.012829455829986477
ck_bd32dd3b2cbb7888,0.9983790206562928
ck_16dbafc035574654,0.001993287858142625
ck_c1c2cb49c3c1b0f5,0.09457416985798496
ck_8f59f11b512d5b7c,0.06742540804929438
ck_c1b493527224a27a,0.002201274309425134
ck_e89d25ed7bdeeaea,0.00560286609032711
ck_9a84b396aada3fa8,0.12969024432571907
ck_d2fbd0df99634676,0.0050599635145430625
ck_67a1aa88d2ea554a,0.019859151686457188
ck_ab2e3fc56f5b3aae,0.009712075072631464
ck_77c587d24695ea15,0.018513266488222303
ck_f0d806624ef3d359,0.006375903747439606
ck_160e9ba0a3f7c1fd,0.0036148676910934346
ck_8c0210322733c718,0.004873095211892467
ck_ef261fc09be8eb0b,0.0028150846049163564
ck_a2624e0387974e0e,0.03823324215586744
ck_6ecf56236789fc09,0.9316787317642257
ck_3af1eb88728ed8c7,0.016220006099576603
ck_5d8773badd0d4740,0.008031285833835035
ck_e794741742fb2619,0.006200792188831297
ck_2f8120ca80a1592c,0.02637172420002227
ck_ccb4dd9d0a48a76e,0.003666173716297169
ck_bfa7ba218b988cde,0.02384445914221056
ck_64b4dcbf436f0b75,0.001536791204356528
ck_41ba315d8fccb559,0.005953204695448862
ck_d23f9a50d1135ce1,0.07159508019430566
ck_4af5ec61ddbde1a4,0.02922765930956067
ck_560bc6017870ab06,0.002889791045288173
ck_dbdf8d0708cc6718,0.005189315223603002
ck_e00332597cf1eb24,0.04986429060383739
ck_df6fe4ec5a233213,0.004873517159033567
ck_94d5ce61a0c50465,0.006249577696468406
ck_e6fecb82fc2a82de,0.01203827984557423
ck_c4f4f28457be8a74,0.0016013495986407415
ck_c7e129058beb3ac1,0.007781511241306118
ck_4ec040b9e3785e4a,0.0007622356850284526
ck_e21f9f96f597695b,0.007224993059114537
ck_ada6ede84c111719,0.022200916782339073
ck_549ed417f2834cee,0.021016672727456113
ck_5068ee554ceff971,0.03254053558878935
ck_d7d50fb57fcb2d0e,0.0016929614598374249
ck_e0e9cfabb979f428,0.006524162409413531
ck_34bd190d37eda534,0.06547837677130884
ck_99021fe7225b5a68,0.02947195018953857
ck_55933936536a4071,0.03699334586225511
ck_517620ca16505af0,0.0019973866446140937
ck_ce927322ef8f651c,0.02181596564249444
ck_b294aa27a0b586d7,0.0018385783276287987
ck_c9f9fddef39bc664,0.010886181748973071
ck_13757bf0eeb353e2,0.005265503844525444
ck_d116e0e7c19b878e,0.4025320236871424
ck_a3747201f377626d,0.9046759961227286
ck_a315c9619a317609,0.016812987525604877
ck_9958b58da9e3c21c,0.010969624280747508
ck_89184bf7b7fe41cd,0.1609738532762438
ck_16b66bd803288bc3,0.3240259151494853
ck_7b382e533e2e925a,0.041132982029121544
ck_9a56739d81f84a53,0.0023417964906831926
ck_4f0c5857da45fb28,0.24728082633474072
ck_3b49768b448b071e,0.009396025009616449
ck_54bb53b8f8ea32ae,0.9944527812384418
ck_4c7c50684827a2cf,0.005286235784340494
ck_538dad7f096458ad,0.014409445918745479
ck_2884bab237af16b7,0.0044320023962625375
ck_8a6ea4a79b1c7a8e,0.006684804931874204
ck_57c14e32fa4683bf,0.0020725435378846748
ck_c5b0f0d4f1655a20,0.03306257234197383
ck_aba573aa942b1d41,0.006249118073405453
ck_15239ef0689c1a35,0.008171688996793361
ck_aa153a89a52f7eb5,0.016180551527173036
ck_fce0610c527e2b56,0.02652885504849237
ck_863db2e394dc47d1,0.9959301777108617
ck_66dd4f4b4127256d,0.0018064054055385165
ck_79205e31223df2ad,0.03514144395723013
ck_31d5e3daced93d3c,0.003603127793673947
ck_1fca72e03143a645,0.9497330294982862
ck_a627734880aca848,0.0009652949285628878
ck_8449a28f7d475d93,0.014209983962950408
ck_27eb86a9898cdfe3,0.007428500629852485
ck_50087d8666191144,0.4199099141466729
ck_d28806a2179092eb,0.99783795711023
ck_bcc8519fe8521038,0.043658860121462834
ck_53036d3c6c74446c,0.15840194166000388
ck_7d81b59d615a6649,0.014803883209472892
ck_5e5280539257c986,0.004000698028130543
ck_1838cf8d00f5b1e1,0.006064611636679767
ck_50460e0189de6274,0.9687268323888713
ck_325caeab5c7a9c3a,0.0032438312268268975
ck_7ce4ca91b8f9f1c1,0.010070557476945336
ck_f87d66946252476c,0.15518983398385666
ck_6d0d081bfa8a0022,0.025622186601104525
ck_ffc8e3c1377d0706,0.005425300203872777
ck_38d1a22850178f33,0.002084651103525508
ck_5c58e7f8fd55e26c,0.0011440363125580708
ck_1375ad9f10688e4a,0.001869373913145059
ck_7ce768407fd48321,0.023469678782052743
ck_31b16b8848584e98,0.025732865752591424
ck_fd44e34af620e606,0.014751843136103598
ck_9441d48a12e8a4bf,0.10323306457233057
ck_f69e93388b3028cb,0.09325067396962691
ck_687b412e2aac7eb6,0.01633162469635827
ck_f473a03fbcdbc4b0,0.009529797567335387
ck_28588fb03b320520,0.03423012240728852
ck_9f9555197480d1cd,0.006575508377506531
ck_2ddfc948b8eac752,0.2107489064386537
ck_d56fc799542299b8,0.0007889572823730768
ck_edde1d7d1db24725,0.029649112328525934
ck_81793387b38047cc,0.0033076021145457997
ck_13648cbd306eee6d,0.006001444719594064
ck_a5d7311291caaa54,0.0034984833960361936
ck_bd26d2bef14a8597,0.0027493399145420644
ck_8129e81cde280131,0.0034323494772468223
ck_431118050b834dcb,0.0011577460622086973
ck_580dcec33ec232b8,0.011674391673041452
ck_ecf006bbc78ee3eb,0.05323795456369201
ck_acf7d65eaaa4c31c,0.0019993504613066686
ck_8ce9c5807acbef48,0.006118589655499346
ck_c3d7d3d12a1981a3,0.004729444581187561
ck_9075432001a64e75,0.01007167957119647
ck_f99738dff854e25f,0.0022501388183724207
ck_a1a93c5f375f6021,0.0025456869508516515
ck_a35d81bcc54ece2f,0.030324931678508898
ck_f3996a3c8eea1ea0,0.014893930960815486
ck_b75b936aafac56b9,0.0045031238016352325
ck_25c355da356c730d,0.009099104628113829
ck_5615c6bbdef05291,0.12300324289927686
ck_4db95c310e105d30,0.002092149631552021
ck_b76510998b9a2260,0.005546756803819482
ck_90bc176c43d85fd5,0.2198804047608157
ck_4b387765f0e916cd,0.0013351499690494267
ck_f11b1565f986f5e3,0.01518431518270089
ck_e5018f9418e0102e,0.024406521975406992
ck_a08f8dfadbdca112,0.0021279781065193146
ck_cdb8061d8d1a6c5f,0.004801468977900678
ck_6e8ebaea8f7bffaf,0.000657055835353829
ck_66746d1090d6d9e9,0.0013857545222179617
ck_9cf5e88e97c8c7ea,0.014161316852652428
ck_fae7e518a585fa61,0.021809438203050445
ck_8fc641b1750a2542,0.036307578691036825
ck_c9eeab826781dc91,0.014215074463397677
ck_95ffa1a805a1c9d1,0.005782398629205694
ck_e839d104854945f0,0.006151426983934856
ck_f04040a830f92bac,0.009795814456624271
ck_e8b5bfa6838e28d1,0.020757998692577582
ck_72e7b1acc19df820,0.005116570586715025
ck_fe43da07608b1749,0.011828220820705867
ck_7e29c10d781c3b41,0.003887935560073376
ck_f56073911c9f1ab7,0.0020329107302960413
ck_68be4fefc85a6b64,0.20397458315394004
ck_f07b09879d697b82,0.007339946160887729
ck_b9c6b32f6bd92a3c,0.00869966427569695
ck_c8ad86806b9a2369,0.06879229844660002
ck_722ac47c8ac9b6c3,0.21326288154049017
ck_d812eb6930192793,0.0005135968118980666
ck_1774faf414a5d49d,0.9169151546936878
ck_7b93a622e40d8b14,0.025121055353266943
ck_39638880292782a7,0.006458489184516159
ck_11132d245b94d045,0.004535533313434047
ck_f736cffbdb82db34,0.0006298426711018551
ck_0e477084434da450,0.01052614358422582
ck_ea819e337233475c,0.21631636182489875
ck_c6b6ebe145a8ffab,0.008960831520878508
ck_0af3c13ba56ce57c,0.0013965526756409558
ck_cee8d42475a0f020,0.0010931740526416084
ck_748b3ea941d8b3b9,0.0077079549393598125
ck_96c3a3517153390e,0.008387580949700954
ck_de8af660806b97b5,0.0036400285525437152
ck_2951d76c41de2569,0.05186652335706349
ck_35fe969c58b9e70b,0.08042704085228658
ck_59684167f9c6bf4c,0.059650435390942357
ck_1645e6cc53fa99ff,0.012513515365027789
ck_fa04ac31e596e7d6,0.021330705940424834
ck_ace21f6daef94f6e,0.0023630368096191237
ck_1cef30d08f3a598d,0.000956408527112023
ck_cb61902798ecc4fd,0.02495769006309461
ck_9ee044b73943a90b,0.006478986776475026
ck_f538ab6aecf2adfd,0.0013681906370496197
ck_c2608f78f6851d10,0.07533222343580878
ck_cf49b6544aff6c50,0.3720205350787453
ck_f45bad1606fa00a7,0.004459888777480576
ck_863708a99b92ef0d,0.0217415424310343
ck_7fc9a0776e1339e3,0.0012842690955234548
ck_320df984791a1b99,0.0052309834640688595
ck_6fb2d142c09ed3ed,0.033133144775241104
ck_3e47f8c56c811700,0.006370695405228948
ck_0add2c321d579d75,0.02562865432840522
ck_e4c0fc52c82065d3,0.007923472286772986
ck_ca68dec0c7df5a12,0.002513096308146358
ck_ae3a763997f8f385,0.0561622784000735
ck_a38bd07a5fac5c9a,0.0035109489296936305
ck_a73045e96af0e4fe,0.014141821197848107
ck_f29dbbfdd2786bd1,0.0064161875291091994
ck_a7331e8b808c39aa,0.06638108954291765
ck_16340be3f2a7fffd,0.0022552882340429303
ck_b129261da9c3c3c9,0.007212529006585992
ck_07840bba5570785b,0.05691316156649055
ck_abb056a9deab275a,0.023589094997914634
ck_126531a9126c17c4,0.0012803015131918104
ck_333a43ec339a04cb,0.013945973631046611
ck_34a6bd3be642f15c,0.014768727214378
ck_9c46711b14d9eebc,0.006514299302200084
ck_3acccc69f8b1fd14,0.025919387662089958
ck_74665e1209140ae8,0.007778629396443099
ck_670dc4910cf476c2,0.0015256865269068956
ck_7e2d6b22a0ae20c2,0.01859705862319415
ck_723323f6870fab59,0.010248705410531191
ck_c8affb27ba7fb5db,0.0485860643557801
ck_e5f8c8a5824db594,0.018610740011868628
ck_7e5f02b51b9f78bf,0.09138799407444657
ck_b7e25ddd41514d4c,0.0007203536077800797
ck_0e0919292ad33472,0.547735373197265
ck_e35a4b4a3cb4cedf,0.012375385543512972
ck_65be698386474170,0.0011377061094979672
ck_0cf220816e320ac5,0.00311357646854173
ck_0308e0602b856445,0.0025602797409826363
ck_5e1b81848718bdc3,0.010070206943042595
ck_2085433978e72ea9,0.03705081249185919
ck_b5e4c6dbbed1b773,0.026950728133514165
ck_eb9f0c06ee017ee5,0.009501423242694944
ck_30dac0a58c5590cb,0.062085933232336556
ck_05e01ab9c95449da,0.009215213923046878
ck_f409ff994a210601,0.051363430765579206
ck_05652e8ace6ce6cb,0.0014229217840484227
ck_f4ec4a935e51b4db,0.02240697168648187
ck_df5aedb4118020bf,0.8456582536803464
ck_1dcaa3078dbb7571,0.0005170460165130742
ck_47e1032f490bb018,0.006715135062120843
ck_5ea89567dfe78e4b,0.0126048844405422
ck_1225a97fc413a419,0.044411325147429716
ck_2296d7a563424883,0.00461737327141623
ck_57c07c45269ca8c0,0.0036388752583884684
ck_7df3f8f4f1068d62,0.002537400546108805
ck_558ebde8c29132a4,0.007881334695898936
ck_2d923d957ffd4d53,0.01021708428609782
ck_6ddb55b1f23c6cb1,0.007889935397727617
ck_93470896f0804b6b,0.969467964187181
ck_556c62e92d4e7e5b,0.06774372765242062
ck_a059d00cee5cee99,0.0012356748618214178
ck_0174d76398d9dc0f,0.08803216283003878
ck_49e253ea12f4e922,0.02673640430767126
ck_f7276091bf513d22,0.000421336150676339
ck_d321249fb065d2fa,0.07536336610981065
ck_e0403d507519b7d2,0.003482461085122284
ck_0f3de7f074bb33af,0.004192137613306294
ck_bec8324a3587ef04,0.0013189014543749655
ck_a3c25d6cc7478068,0.011621213653103889
ck_2ab7eddee2d8c49e,0.003196770710918744
ck_e475a3b8ba870a7e,0.007105830243682234
ck_9b2b0e286de78a1b,0.008072082468596021
ck_5cf67a3a747e684d,0.42529159624727725
ck_9401f9e11f65337d,0.016088573830317716
ck_a0e5656e1cf9cbf5,0.001023840903234826
ck_398a1ed77b0130e5,0.008758683316494223
ck_4f5d022c99f118b7,0.01639978333455986
ck_630530e50764f229,0.022300970790838242
ck_5cacad76e02c8e3d,0.9586295788219803
ck_2cee2dd7bbfc09a0,0.9170988561313448
ck_9478dfe4114c30f6,0.0015585112099245884
ck_2a09c7aa870edb6b,0.003877804687971573
ck_d5d225ce41a1a762,0.011230509097934854
ck_76091f357974a152,0.006443795034108614
ck_26cfd7c3c6c7bf69,0.004401089628049819
ck_8e54386f4fe22cad,0.007262556321383415
ck_22b52654776a1ea8,0.7658041905351566
ck_822d6e8e43befc72,0.5784307412084165
ck_15eed0f5652f0352,0.016515259510887607
ck_6bc351a3d57aac54,0.00805742809397558
ck_bc736114a31088a7,0.016059204630145582
ck_002cf760d173f0f8,0.010880017380281451
ck_8f8e4fb9c6190272,0.003085237092710681
ck_a39d0bca345b492d,0.005704696811339523
ck_216e87a41de22b5d,0.02713096177213238
ck_75296704f5806f56,0.01128602010351737
ck_2bdd8616870e5e1c,0.003378686457165407
ck_798157bcdb9453e1,0.00217318813592725
ck_9a1e3ec9a1839939,0.006213178176138665
ck_a9d994554fc14a02,0.00018410709018807988
ck_410c3e13b48e0415,0.0016410690002133927
ck_d4febf0083800424,0.028007267641849357
ck_9527adac182abe57,0.11762792869536833
ck_4087065be2a45ad7,0.19358342527954298
ck_c0e8560ccfd9dd9d,0.002568077324211381
ck_8d87658a6f5d204c,0.559805409893756
ck_d973444855403e2a,0.005624404078798621
ck_64eefec062592c43,0.00706119004128957
ck_5b86fd14e85bc9c7,0.5754427019392913
ck_ba175b1bd8efaabf,0.0042752782084765975
ck_7696e38b3e4197b0,0.004493055119600912
ck_51bbbf8f8e8ad005,0.9983377602035749
ck_df935d8bdd44883e,0.006081112030548852
ck_a0714f98001efa0c,0.006252340126354235
ck_8c9b57ad2a991416,0.004711774027271591
ck_c8c1bf16d9113493,0.06679935282274249
ck_b89cb90a420c9075,0.006095831940492886
ck_f0424b3b36bdbef0,0.044134506807500896
ck_8e89ca8b39f3f8ad,0.0055184604260390645
ck_9c5feef7647b0588,0.0029701454293781207
ck_374865697f1480eb,0.038524799055127214
ck_0229a07185f15469,0.004774257351426999
ck_4291fd9c1161d8e1,0.021971840008323133
ck_61a59a7944d6c53e,0.16891114016531994
ck_f21efd504faa654c,0.0028608483709387086
ck_64c1633297f43788,0.003537998128525148
ck_991c4c924a1d85ff,0.8247480062192856
ck_2dd39723c4088b64,0.022842132180420152
ck_65f76421be648549,0.006575612789345522
ck_1b93381d8eea58d1,0.00766145694871501
ck_8572c5f5c1447c62,0.008003457275885644
ck_80b8fca67a14e0be,0.3238428445037768
ck_45ed5ee496ef8a67,0.020222208230779703
ck_36979996f33498f7,0.26216464100819964
ck_219bef979ee21bdf,0.0014651471041253609
ck_7a6cb27e390b6ceb,0.008026827838797277
ck_d07485ba10514a2d,0.20155762207450512
ck_81e21354e477eceb,0.032443082023798725
ck_df39e3b8a9fd0bfd,0.5615681722218284
ck_49839e761d0e74e9,0.0024928558666471386
ck_9d7b9e3ff1f3e71e,0.0019684354245769393
ck_f63cb5e8cc702bad,0.010760807895237142
ck_cb856e75c949b0cc,0.000759938134291311
ck_0fd9312411b0ac55,0.025427702481029636
ck_9affb0f26776b642,0.0014453530484910147
ck_c417d06f3e94685d,0.00465235153235428
ck_6c2453229d608183,0.025742666062742926
ck_1867b1199c864db5,0.02935199278385992
ck_8398adeaf41f9cae,0.009039241739672946
ck_796d3eaabc667c23,0.9974902936284032
ck_b4d55bc809000276,0.015528220982266522
ck_839bf139296b5cea,0.012535866245904807
ck_e57b94fe57341058,0.012003832718173903
ck_8ca808cc5a49cb5c,0.022477896831487258
ck_f4ec334be5266378,0.006205327242273508
ck_61c3e3e277629646,0.010779193528982916
ck_483fb981a1fb4317,0.002192189564906506
ck_71f382d5e338daa3,0.0033875990122276193
ck_124a197be41687f5,0.05458148685123628
ck_4e4f99102f6938cf,0.010287922865582336
ck_3add4d23124c9290,0.003240816857355167
ck_5c3f13de0dbd5086,0.019946892047258847
ck_921ff5ceaf40a968,0.047005298258311554
ck_fb0c138c003e933a,0.0014194165732279913
ck_5177fc7137ff26ce,0.004192425556792439
ck_dfd4e79aaa967b63,0.0059869595176815895
ck_850ec97a5a0dab9a,0.02067608142829618
ck_d1a1cf4cf61d6801,0.02090637213630612
ck_646b15f753e5e9c6,0.042929906017825765
ck_60f4fb44f5efe3a0,0.000995003807402161
ck_b53084ffede19a8e,0.0016816411149536857
ck_5b16d67c5ea89930,0.01611840840804689
ck_a4ddac49657a4450,0.013439741102407646
ck_f917c82af80e4a79,0.03962362638642098
ck_b87ef4b98cfcec4c,0.01175189690715629
ck_877c85bad118bc62,0.022709177994088434
ck_42317c3eabd0a285,0.07289437941323541
ck_a5bdd026fa9c50fd,0.0047455594743281
ck_7c88d3d377bb61bb,0.044490561332085496
ck_9acd98f4fe2d474e,0.10114337643349845
ck_6d64193681d2a94f,0.012101880023573479
ck_991b7dfd69098320,0.0020869711319407166
ck_c5ece5ffb8800ad4,0.004770949480241471
ck_ffe91d6f0bd93fc6,0.044329839348169954
ck_14f9535e53f9c7a6,0.011428407351429446
ck_e35b2ed08b9e55a7,0.004882765824286771
ck_3ad6e7bf452c9b21,0.007176425854468395
ck_ad8cbe6e27e47ede,0.012769506943818265
ck_29fbabf855cabdff,0.0012672860436852736
ck_700cb620f300dd47,0.0039280017123818674
ck_b1cbd6679c0f8d95,0.005672283718284959
ck_708fea345f68037e,0.0020776123309787014
ck_b08247c3ad567d92,0.3592385450961567
ck_25fea39897f2a559,0.0034733509936921854
ck_9eb80edfa43203de,0.0055010983428367775
ck_6cbb011e0c70bc7c,0.001962950938258946
ck_309a432c160a17b3,0.005230831354969606
ck_e949a0f4df0b3902,0.11522599507467977
ck_4b123d6931b6d0d7,0.1192194154351359
ck_13677a1957078827,0.0031305745896963145
ck_243bd5ca8c4ae5d0,0.003643188521361327
ck_360237c1bd30f4bd,0.0036945174095185562
ck_b17c239f160e6017,0.0047369815168767145
ck_c91a628236baf91b,0.08791181720336658
ck_182dc4a2f5a366da,0.001836325727225174
ck_9fba80f56f357fe1,0.002649565004066808
ck_c1c5ea839c58958a,0.026448628064731312
ck_6a0684436a1e66c3,0.8117255916978653
ck_63d2978706e193d2,0.018519333894926125
ck_8703543bf3134306,0.01069124858631452
ck_d79bdf04d6f31cd5,0.0028748156227180483
ck_b0d33b5a3716661d,0.006874777055518723
ck_bce253d2396681a1,0.005815903321842552
ck_9be551300209fa83,0.009103084434578237
ck_ec3d12848ced99f2,0.01358258798082979
ck_ad305286702b1958,0.0007438661912926051
ck_96c7d52ba0a766ef,0.015496965255937387
ck_e1d5ad20c737c745,0.0523182634829778
ck_7429b3f87528e335,0.0044895084511180116
ck_cf606fd6ebfdf9bc,0.0021732507507985772
ck_878522cb775b904c,0.036531172911937186
ck_218b7e6e6dbd2da0,0.0015337763624412677
ck_1dc23dc870f1773d,0.02035763120082781
ck_fac046ce336fe39d,0.006809766659605197
ck_0d846660c7957a88,0.007214176932743905
ck_6821459b626d492c,0.0016814274728378738
ck_dc4db8b932df49de,0.04088944683383541
ck_c49832eabdac5bb7,0.001231147860055003
ck_c3e37a4d3382c32e,0.0017452901048151553
ck_68b8b859a6ef505b,0.022438236691888512
ck_8d501a0386c66be8,0.09330204039047137
ck_86b853c52f20fef5,0.00570929486469341
ck_15886fe84866de92,0.02841191371200783
ck_92de019e05971ce3,0.03278790472377844
ck_af7ffd1a822460d3,0.09591390987423759
ck_917d82c552f95a23,0.030673335047437918
ck_74e5dec189761d14,0.0019518058902605743
ck_54b374ade34e1dc1,0.003142705463539022
ck_beb97e498e6cf8e8,0.02028859494790038
ck_a96aaef34173aee6,0.12408270482376249
ck_79ffcfee599d77c7,0.007665215351550283
ck_322ffda3332d08a2,0.019482513477578844
ck_3b1d7648d4580bef,0.010740553670141186
ck_6e4b99fb9725d9fa,0.009528935614278537
ck_893b8afbe11301e1,0.008747640252690998
ck_56b992c6f136fa5e,0.011469445494320229
ck_c624b9063400fa3a,0.044588644031575767
ck_bed3e3db135b782e,0.01743981714291746
ck_5d038ecb3c8748a3,0.0032471540024446334
ck_77fced07f6dff42b,0.011085764973599487
ck_05d81b1a150f31c5,0.0029474701825663906
ck_285719c77eadf915,0.001112997566185134
ck_664b5e02759f985a,0.0009674631135529741
ck_eb48c0bcd12ea654,0.02000192034389834
ck_1bcff399166d7c43,0.0037907278821807133
ck_e9e3381d5e0e5051,0.0023175283420231872
ck_f5f87f772388efa0,0.027493712291734772
ck_80b072b7f3c7e8e5,0.009693807021827929
ck_386680372fb54857,0.003959546040492062
ck_d98934f9fe0b02b3,0.0023940121119622884
ck_283c5bea94b21e80,0.0038422853950917106
ck_8dbaaa00ad829ca9,0.03332865942721107
ck_9782c86ba6485f88,0.0026965933204891007
ck_83a69c4a5d55ef19,0.025040118358278324
ck_4fa85cebf707de2c,0.002170510348800817
ck_ce1500a7f0d03fba,0.005716708897775774
ck_73d60b4630e3937a,0.0035328335890500123
ck_279d43303708109b,0.0057306575857867794
ck_64ff60c073fdb6db,0.026443883980640997
ck_d5c14e877ca7b755,0.006813799947333302
ck_7e5401c362b2216a,0.002337422991589266
ck_064b2aa3f0bfdb6e,0.009809771580650418
ck_70066eea13b4c34f,0.004056535371365667
ck_f0d349d68249d5db,0.002060665041021963
ck_86bfe328e0a533b9,0.9001750013793003
ck_18f67c00ba21fbde,0.003101521222817086
ck_72fdfc7e6d8e1436,0.0029108131326670817
ck_75257ca7d7da2861,0.042288367306605686
ck_a0c3059a959ba5d1,0.024275649574882114
ck_52f641c9ee6fda70,0.004742159998149254
ck_7c6b577174af7a78,0.008106514522064442
ck_52174855b243a8b0,0.04053772987301376
ck_c12805fa5d970a83,0.05670024488944756
ck_0406931800e0e2e6,0.011953992074695968
ck_4b97d19ed946f503,0.00869008639304379
ck_87dc484baaf5a23a,0.002215335634520392
ck_539cb0d117db8cd3,0.14140681098951005
ck_09f8f51bfd2492c6,0.011425145050056618
ck_05c4dcbb45de1f8d,0.003587883853868138
ck_37139b41c5370523,0.059608824214063154
ck_ec094eb1cbb3efc5,0.004803264604476908
ck_db32c95ce2b6f502,0.8010602351033691
ck_7a02ee1bfba7353b,0.019330666146679856
ck_571dee4f3336c7ce,0.006707494912339976
ck_c3c69aefe7ea1d2f,0.007596092223469085
ck_de05f97c3d40dd1b,0.05179508953437547
ck_823539d936c55fc6,0.0020395770395679846
ck_97e94708bcf43563,0.0077536177501498224
ck_71c68dfd011dbbbe,0.6871040407503153
ck_f5791fd8fd8fd191,0.008151201211584714
ck_ec986285fff05b7d,0.0033418557563587316
ck_da3526ab6c5c884a,0.01727792020483978
ck_f9197b070416f443,0.001860244962175501
ck_4fc6256e0e60a926,0.009415338555327476
ck_9c0deab8a8367c5e,0.0013667937385125615
ck_f34fb7ccf82f41e5,0.008394098105568317
ck_777669e2243204f2,0.9393748164052012
ck_d3a2a4c011fa2554,0.006668863261137376
ck_ac84b33304362c06,0.011559284966651756
ck_16af4be191c47d3d,0.0009173522894503844
ck_0446920a1004c596,0.00041355582373106764
ck_0c6a50d747593b7b,0.005733553238505772
ck_193d9c87ad3f1dad,0.0016734916167770767
ck_5b8315726f6204e0,0.013595251123079088
ck_f7e53af3c91fec64,0.015748549818284097
ck_e679fbf4f4f4aa07,0.005782030618772338
ck_59a14d2564193101,0.0015690096795761195
ck_0e9ec486bff403c5,0.007743731097302928
ck_f6b7a10d47dd9a1f,0.005456557467035301
ck_4b4d99e443618904,0.006660343717336316
ck_4f05daf1cf0d5755,0.005775840104100726
ck_64ac5e6fed86ab60,0.9793290795525338
ck_01ac687ce0d696a7,0.0380574929678493
ck_5f9a7ff990341bdd,0.0049878031065495355
ck_010d0c2e6c1657fd,0.03661931655721901
ck_4b2e87d86a5e415c,0.021842732372547507
ck_66f9f78d4c6a3edb,0.02360006464721436
ck_0b1d84252c0b46c2,0.003945918364849801
ck_68b5542459638b56,0.03225218551469231
ck_62967b91504149f9,0.006215505309471769
ck_f99bc1732ce5e999,0.019507776173649155
ck_c2017120b3b88a46,0.016922399143960473
ck_f7ff94c3df5ac874,0.007833052529559738
ck_25382331551d22a5,0.03734738809460569
ck_703b41624ae6a5b6,0.002090663807894065
ck_e2c66c72cc0b0f78,0.06560362397743674
ck_28ac4c5134cb8e77,0.04038401985278602
ck_168c96a1a636ea15,0.01163141286443405
ck_39a81899dded61e4,0.0035929863892263138
ck_94a096c36162a153,0.008063289405348706
ck_ee535461b5f05539,0.3881068091018088
ck_59c29d9c57b4f994,0.0419998504784221
ck_8982888dd6611143,0.008802480259618125
ck_60896cdac2212bea,0.054054672373342355
ck_aa188e5c25f7f42a,0.007935527043009483
ck_1f56fe99f250cdf4,0.05060110465947695
ck_d0dc156441fcfdcb,0.03121517242302725
ck_395f3bd4aacd7ca6,0.025552045971030654
ck_5576b725de38d106,0.0025482333255587653
ck_e2d1f212f259539b,0.009633838298174454
ck_3c3a1a1365741bba,0.009568991451027709
ck_4f325dd15c9bd45c,0.014712927202207104
ck_66f0945add423e9e,0.006291080483319585
ck_a74f6a3030f5d495,0.04100046975390139
ck_d9ea77f4114a389c,0.0030630498273525927
ck_bf15a1f8d67a30d3,0.007841315218723935
ck_bb643194d1cbc47c,0.9875783237163172
ck_80e5ea27848069fe,0.002646823598532994
ck_635646a661f05b4a,0.02310147895486869
ck_bd80546b4807dd59,0.09130083274486377
ck_63743141ffa11f45,0.00834041314227577
ck_0b8b7c5c581fd161,0.0009303813393838878
ck_79d62ef181bd0cd8,0.009603367210108914
ck_562c76a3753fc7da,0.5560036741187386
ck_d66bb1f063357f99,0.006888765626428902
ck_89d7bfc81c3df597,0.00931560464239016
ck_fb0cf32c4a56f740,0.007203079489978806
ck_6c679602a6476ab2,0.008897931629210327
ck_71b37fe47490b4ba,0.0032984492254078614
ck_494ec63c5ce8e150,0.010378577276828338
ck_92e474e4368c4791,0.006340682786328382
ck_2d3d6c9364362017,0.00098666702297709
ck_354379de065a8ff8,0.0024802999820983966
ck_f7bde7265053364d,0.0067752390379398324
ck_820219bb9c761b52,0.21120290084433602
ck_a5ce2ae36fb410d9,0.0011354108358422926
ck_ac55dc6cbcdf8228,0.003640506619196922
ck_f34c93a8173555b1,0.021756395186002395
ck_fb3b68b4424b5f92,0.036443729282441835
ck_d3f44bbe2f7e9b2d,0.03471785077112124
ck_dd9c5f0c42878e67,0.005692488737772025
ck_41bc3efa0fca700e,0.04452451911997422
ck_4d1baef193cfb900,0.03936222487915524
ck_aecdc5a96321a2d8,0.0042448626957445786
ck_e7c8a9e4641eb9ed,0.0009086553603616106
ck_f2350bf355dc919e,0.014879954412592879
ck_bc61c59970f8de49,0.022137158055801028
ck_389607982eb6b701,0.7419549062868519
ck_ace6b72e5bf3e93b,0.04855770813051153
ck_2afdd69094c955c5,0.020821950960383608
ck_fc9f16df35190eb4,0.5218276115856928
ck_c43b4175fc9ac5bd,0.43306245260368303
ck_1a4e5ace078dd782,0.012150786291048227
ck_232325ef6bce92f1,0.010468855329138035
ck_51c50c4c443df31a,0.39936620129074063
ck_126a82e8d42e5ce6,0.0046552222115152754
ck_caa348f0e65db062,0.9947548479746801
ck_a6f61864fac3c8fb,0.006125445987890235
ck_694eb6c43193afd4,0.01495036417328186
ck_d7792b429620fc24,0.007397650196846744
ck_2208392a9f6bd249,0.00895740297816045
ck_8ff7a9b23a55fd62,0.0029005827063981445
ck_8c5b29f6666d4874,0.04993010020798372
ck_fcf5b8216d0c18ef,0.00046895151606302543
ck_393287947b5c8d79,0.010897940125889327
ck_3e6833574edf1736,0.030704036017651374
ck_8b772caed8f1541c,0.007231017571843448
ck_e914974cee1bccb1,0.014728219096715768
ck_4f1e962ff8a29732,0.0018066680344631905
ck_f6923088c17a04e2,0.049436790814149575
ck_10f90d879209734f,0.009319107995452157
ck_3d6c3c00d854f5a4,0.28780948128743816
ck_6e8f8ef7a03cc6bf,0.02795141345762923
ck_833688de8629c5c0,0.0037530705327912563
ck_20578ac693ea4e93,0.01677045278506352
ck_43aa136bdb0a2832,0.19111659196569183
ck_09cd5c4df1e81ac2,0.056518425428925274
ck_8f4b384955bf57c9,0.003509171442113239
ck_94b90ab8b2dfb50f,0.011616889333682804
ck_ea618f720ff0b4b0,0.003088814952901778
ck_6c83aa1d100a7cd8,0.02540908949342205
ck_e7be077aa0b2632c,0.0017265222894373889
ck_e10ff5c38bd18470,0.014689587991564744
ck_0593ae243a9ebee9,0.015706868910037395
ck_b20b81b88dabe28d,0.0017985468551789798
ck_2bb6a17e8eee35cc,0.0133756971578949
ck_8def763034187436,0.011801906015077097
ck_c1aebbeca6ab5ff9,0.0050527911857649495
ck_ef307a6aee38d1fe,0.7569029438197342
ck_49dddb894d33f6db,0.02971691343041929
ck_0daec63bd5b0729d,0.01980233770319241
ck_c49b685d2b3ab89a,0.004860537734852303
ck_732d45bd578dc39d,0.005567029010967928
ck_74c3c3452e4e7cce,0.0011330124945269208
ck_5986119e7d81e831,0.01323799338634114
ck_98d2f9a6ba3a3077,0.5740537389588154
ck_586001d3ed9e7fbc,0.0016879728161505855
ck_03be334935e999a2,0.003720858147262424
ck_9a43c0c73a39d759,0.0212641220195166
ck_a1c7cf63467df4c2,0.0030323039667730406
ck_ad48826c1c26eb78,0.6552582175831055
ck_985c9ca112000e9a,0.03908942587888378
ck_aa06ed358e43db69,0.145977402763111
ck_d21612d48bb4f7b8,0.009997018811327335
ck_9a9e3dac79280d7f,0.02661673748476892
ck_8250eddc1ecb07a0,0.035344367417385364
ck_d6f27eacbad310f4,0.007767211624873622
ck_27d69ff4e0cb428c,0.2962547007562222
ck_5e5461dac83531ac,0.007181801136663312
ck_d1bb8890081e0a31,0.017557531552889572
ck_cef2a485a77e0723,0.0017985758805676782
ck_3e24b026bc66789b,0.0012448041108399917
ck_8105bcf69a75ee47,0.007959157417238632
ck_6494f0ef13ce44d9,0.005612086259763566
ck_a4a7ef3ad799c380,0.012172405870798335
ck_a48ec0c00ae20e82,0.023392915773965288
ck_4717f24f2c6f40e1,0.029138452441400987
ck_54748ae0f2daaf10,0.010997574631448258
ck_ebd0a45712dcf07a,0.011808315527620825
ck_998475a2e4dfad4e,0.00524952785959435
ck_99c0a41ac9c73857,0.004905913475374719
ck_ca24bb0de508efb0,0.00396331335047954
ck_f2b8995fe5402759,0.0015597165263878886
ck_d37d56e931105db0,0.0027839388076747237
ck_e66ae4fd586fedea,0.003886682741633322
ck_c1e7d1021ae58f00,0.0014322239806759242
ck_687ab5d5554bfa79,0.014390050212531667
ck_8f8e5e2b9dfec3d1,0.015707926145086617
ck_537cc97d0398c922,0.23403408989589336
ck_56b389627d8f02c5,0.9950841523706717
ck_48a6754977a44db0,0.005810903723074789
ck_074f20921189e7d6,0.0026167453950262827
ck_f22aacaf86a65d7e,0.07855847164479371
ck_828eef2334e17b3a,0.01588105411142008
ck_dd8edfefa1eba531,0.001009746938852743
ck_66cd34bc568d95e0,0.018423106666384654
ck_c95c786d2f8b8edc,0.004822551918554993
ck_bce5b7fecfb6264d,0.12292839120478062
ck_d32fbbfe32c00416,0.014125189925614744
ck_bab5759b07fe2bea,0.003565366748301995
ck_c55afc68421d85e2,0.004689753054736083
ck_dca0b6ca93311ca2,0.04822949269384652
ck_e0571312f395cd94,0.008869015382677217
ck_fd038a7d33a9d6e5,0.002665867129426282
ck_ce66831f6611014c,0.008607608690995926
ck_09fab6b9825001b2,0.001709267183920833
ck_80b50fad7f255e1d,0.008429752965335154
ck_2a97db9377d01e36,0.006215329788644868
ck_9e5b7acf51b1b743,0.016115701693930704
ck_5468fa99c945d785,0.010277590969108392
ck_556786868599143b,0.014940158163329604
ck_a6d4f998dadc90c2,0.8233801784984331
ck_4d2159603045109e,0.006595982512506054
ck_a9ca2f447b984a6a,0.007636155610296925
ck_cd553ba6589d8bfd,0.022341217933539673
ck_830b2c5d1818ac07,0.03040748291687737
ck_80eb91b0b4001084,0.04676777370518927
ck_730226c2d216cacc,0.039682705464998386
ck_f07e27d125497b66,0.009035028287521805
ck_b68199ecccf2350c,0.004201507994042938
ck_15dd3ecaa8ce0245,0.5149551973469179
ck_6dac66c8198c07d8,0.01506324065873719
ck_6b817117d87063a8,0.013610409581031097
ck_589109a188adc2c1,0.0015637404049039687
ck_bb76609b79e0bc9f,0.006678604872103645
ck_f0cbd5383bb07778,0.03206080996533878
ck_02b9f418524f6650,0.015149140451222752
ck_4e9a6f06ab134102,0.025157020679937005
ck_7334a9ec656263b2,0.007009936346686264
ck_f80af368cfc6cb7e,0.009792811577565513
ck_d74b2ead8aaa3f73,0.01613310652757994
ck_1dd69a11daa7bf1a,0.029425942386226315
ck_7509eb97c1948b16,0.01868595361803986
ck_a406bf11e48cf8c5,0.03444609528669001
ck_d1e3de178601d3c2,0.013713640804059625
ck_71044c29ef071570,0.0077203003830226755
ck_a1c88c0568f142d0,0.053267551903287816
ck_dfc6f5712d8d6678,0.07979701607633968
ck_9c56114f84e9a541,0.009877020044390507
ck_d7c28eaa05bb7144,0.0022421911234074884
ck_3a30132a57181fe3,0.07503420595783082
ck_48d0fc4f6a2109fa,0.9945497572352852
ck_c0389ebeb0e65cb8,0.0037786004433537036
ck_b4c014d5c0cc9eb2,0.004299644993209213
ck_a4258806a533efa9,0.01914026075079412
ck_363751deae40edfb,0.10759496736662826
ck_c1295d97cdf35ec2,0.006563611484900873
ck_648c03f9aa4e45f1,0.06095633143923775
ck_65ed7e72f24731e7,0.0028196204717851514
ck_633e6579f5c74a5c,0.8276508256114604
ck_45cd5ef6b359e9b4,0.002549738549461248
ck_2e679af24adedac8,0.0035956947611751693
ck_9e962f9bb0e7bac2,0.005763863803878763
ck_bef3193f124fca5c,0.2864719524494779
ck_a907fa8795cd4baf,0.0019871590204429863
ck_f280d31f54a4710a,0.03266815821843232
ck_8c582eb0f6c0148c,0.005520862418244698
ck_4807726e797fb893,0.033388815428678636
ck_b3263e7f31aab45f,0.021102905775971216
ck_3fb9813849e51837,0.02134348786166873
ck_eefcf0ed15897898,0.006133702222571899
ck_bc996c523944644b,0.03398339547246006
ck_74b848064f2ff45d,0.003862077272537489
ck_5f9e34c849704b95,0.0026144516905384453
ck_fc7a9d0643570053,0.0006702524669530841
ck_f437a53fc832ec95,0.4822911934631307
ck_56e6cfa32156a916,0.0017486772295739446
ck_2e1b46c5fc56b863,0.04562682981058258
ck_1af2c0b3b8d202c1,0.0027083152101151768
ck_27b07021500ee841,0.007636885655514122
ck_148cb0c723284dc0,0.00985017249699977
ck_70b9274473bd6dfe,0.0022848176969834655
ck_fca7cc9c42695453,0.004248254353950901
ck_8d9518f64b222416,0.004490644203804542
ck_f1e1c8491f16f912,0.0035706039113301657
ck_d36733da917115a6,0.03656514744017696
ck_a4691b57f837d88e,0.01387694869454214
ck_e738e920bbd74a7d,0.009795511758175257
ck_6d26a152f900fee8,0.003971615472090613
ck_630c835243c66b19,0.9944198606340363
ck_e88e86b19cada4aa,0.024475694184667718
ck_15918075563eb074,0.0015778765033053086
ck_9439bff87e616d4a,0.01302061113377011
ck_993beb188dd4abb6,0.02360325725254465
ck_dff090f03ca5529e,0.0023590311153515947
ck_3baae40454c00938,0.007307494636155585
ck_6ab83f45bf16eaa6,0.009040756891813544
ck_77fa39d3b733c226,0.10924305043175213
ck_daefe1e2d2bc362d,0.007128289514355643
ck_f01e94331067edf6,0.005364895295286344
ck_773efe58c6278c3c,0.014765675265438677
ck_f7a7f8f5903617c5,0.005701624763096413
ck_fe037765aa465c58,0.004562930421493559
ck_29f3a1737a2d9634,0.01989261923512787
ck_7825494e654d5695,0.010855808677170132
ck_325c7643cce02da3,0.09388254916372796
ck_01e0689157fe9617,0.47404704531452324
ck_7bbe1dc8add17ef0,0.01667884167548706
ck_e0ca2c819658f6b6,0.9944548169280644
ck_2d14bcd2e0fc043d,0.004632847040472255
ck_fac32d76ed40f683,0.008434891998368835
ck_50df50af592b0c06,0.0026829565464236327
ck_23981a3261674131,0.008756696498231275
ck_3a4811dc4a1a891d,0.005885090156663433
ck_4874bdec79f9106c,0.022873811642512818
ck_fd84507228467b40,0.0587386784379996
ck_6a17384072f904c0,0.030642772814104775
ck_74991a9e85c3b07d,0.005570863416569216
ck_520ec32c4f253604,0.024168545549916917
ck_ed01be7504dc4187,0.039017466625959556
ck_c6fdb2972417c9bd,0.007154057282433945
ck_74a06f347b32347f,0.020557918891057965
ck_1e7de58822000dea,0.002394330088190307
ck_cbe716f351d660d4,0.00944781426109702
ck_7560f1891d66f294,0.0026698602846293206
ck_45f4c821c70d134f,0.684581167073292
ck_b1ff9edc51d42f97,0.0013217750465063121
ck_114141d85256c9ff,0.0007770286521013086
ck_d0e95b90ba86da10,0.0034584400116718784
ck_252b0a0f1119b220,0.0011405022563112596
ck_28dc0fdbaec00580,0.24476253957656588
ck_650020c500b1b50d,0.010895270254568544
ck_e77529651c416cf7,0.0059175668466764485
ck_f0982bbdbd122f91,0.017417296796619085
ck_f439f16f8693883f,0.01905047598914231
ck_e30cb64302939f38,0.026974202345827477
ck_873ceb8004d3a9f7,0.05361195409343594
ck_db6d1c6d31da967a,0.005603745732179487
ck_8e7a32f7e3905f4e,0.006708449034270802
ck_2c91f62c05685ed7,0.004856563913088908
ck_7f79878197340435,0.0021404434330305052
ck_23ff85f9d2355e8d,0.008383599994388313
ck_b138fc249e659e60,0.01082748101266924
ck_b911a09f328dfd4b,0.005649144007473895
ck_a2858979dd5645ef,0.0008421389813138519
ck_f1f2c3c623553f0d,0.0009509363864001907
ck_30f4b2ee8abe1342,0.054329692268090445
ck_6e8751b571ea54d1,0.01223577364221705
ck_e901dec0e09eccbb,0.004546569226047035
ck_10495d3a635b8d69,0.06278701667043779
ck_4f5d7985bcc2eda4,0.0030046515197606565
ck_7df526b2b4410bb4,0.02971960332670151
ck_4e1757d1347ab387,0.9924329790496023
ck_79b8523137bb2603,0.029360592435079467
ck_891530b489ce402b,0.0014627153278337823
ck_41b954c7a948c060,0.0016454782092283748
ck_59a561f3df01441a,0.010181072104652343
ck_96e4d38ef670eaff,0.006907168303523556
ck_eef67f8dea702338,0.022675697076746323
ck_73e24f5a8da289b3,0.051422723003118065
ck_52cc2fd5095b169d,0.015709687563685765
ck_dbb498b1a346a402,0.0017085271706635573
ck_f253130dc3ca5b3c,0.006699138189924678
ck_942dbf632591b65d,0.010040315864029013
ck_ab4a8d02ec3c0fd7,0.0004974559274016683
ck_7f780f465c29398e,0.004612303726102702
ck_adf84b9df54c3d80,0.01664215953524371
ck_1b1df006b81d38ba,0.004244653415088872
ck_3be72c9c178fa00d,0.01567627662009001
ck_ee387f9da79e67ea,0.040236277350090645
ck_731869a0c39cb2fe,0.016512143552866194
ck_f2b0e7a47f442557,0.8732100451233713
ck_4bc42878fa180991,0.01040317741028451
ck_5f3609511443e5a8,0.0023145526722124585
ck_b354003302b272ca,0.007683945859772359
ck_1c771a7c78f6622c,0.022242734036291532
ck_466dc6274fecd708,0.0015810121814674384
ck_89c74feeaffa7d09,0.003865181268549189
ck_1ccdc69d0bb712b4,0.07428082432085716
ck_b22e3337b8e3dbb2,0.0022908957558767516
ck_79c7f0d29b1db1cd,0.013069962166019338
ck_84df6770549e43fa,0.007423535662982193
ck_3c6417a233c68c73,0.022454704633878896
ck_f7485cba392bc294,0.24586264009062528
ck_46bfb2cfc29a6d2e,0.05991746883081346
ck_e4cf189a8d31649a,0.0015534411255430024
ck_770475876d0e7e6a,0.0028855295408407246
ck_c2b61a98d1c8f6dd,0.8322478291809687
ck_8ae64df60ab6ccda,0.010088729695679293
ck_507e40760a24d2d5,0.024404582326239984
ck_a1e77090b1c6ccf4,0.011699053423934786
ck_09aadb4c41b166f1,0.10657659157814078
ck_604c17cb97dc89be,0.062153787756215446
ck_8d94fbb4828ef326,0.0055934122830046265
ck_17c0a6a92b5765cf,0.0026382077243550495
ck_ac79c72a8fe3fdef,0.017925735631285133
ck_b8cc2df5192bc49b,0.02489321713649126
ck_3132857aec8485bc,0.0009729529803938542
ck_b6cb8d6ae828eed1,0.03179261424313742
ck_2f82ea66c4f53b33,0.14546075743374873
ck_1de43fd6c6c22a5f,0.16980195672007908
ck_0348cc6908f7f3af,0.0005700155531918581
ck_6e676daa4855b58f,0.042845290477003355
ck_2a37fef48b44e9c8,0.015472408332028056
ck_bfc2a57d8fd1610c,0.27660018533534136
ck_c1c7d4e62c9fcded,0.11896912898191106
ck_36e72ef9273e7a95,0.0020708970608640047
ck_ebd178b3f3a9c50c,0.013954395376985429
ck_c89b9ca398402f1e,0.002794213189995442
ck_bba413492dc46f2a,0.01470156821584315
ck_e971faae8a10a260,0.002168210032265577
ck_7e6569a1b2455cb0,0.001319003891489642
ck_744ffc11d32b96bc,0.020155680417613227
ck_435cb24538c6f77c,0.05780959667102224
ck_411219470d0a195c,0.006272440988987901
ck_6f730b77dc6cdb84,0.007378305069272434
ck_aa4ba931dd37481d,0.0010024583428440547
ck_aa59702537557ff1,0.04092216365912495
ck_c58d9151834f5bad,0.011475026651851489
ck_3a0e0200cbb185cb,0.013693021246122579
ck_c98b16f9a72a6568,0.0006092864113599989
ck_e5cdbfcca2456652,0.003273497369210632
ck_ff45764ea7d6619f,0.02110032666743173
ck_6ec39903f765956d,0.025829064883201337
ck_9e17699baa83d173,0.0026006115760668063
ck_1fc98436281ee39e,0.0028745163804833186
ck_76ebeb5aee42f041,0.031422515273945566
ck_562320295fa35875,0.0030815076432922288
ck_84c402b23766e1f2,0.013018446260604069
ck_8d0532d24f1070d1,0.0009293561637749288
ck_32a495128395fde5,0.0029468649509676145
ck_f067470743d3c7a2,0.049157652425524175
ck_28dde633692904b0,0.02585382752741191
ck_e61c8721e3ef1921,0.0023983325477223393
ck_4e333c09f0c37dee,0.01833451785582688
ck_3d58628d1c853c8a,0.026094841420296083
ck_3265442528d51728,0.01079666683725195
ck_cb1c00c300af3f9e,0.013211973420181768
ck_7ae86b5a885affc3,0.012898691346917944
ck_a50370907e6b397c,0.059412479749674334
ck_df87d6f61a63eb21,0.002977814488484998
ck_85bf21aa1a00452f,0.0024355708844971883
ck_b9f1465d803e57b2,0.05168466813559907
ck_91c2a5fe69b9b1d1,0.018151896657485657
ck_f3199fbe84a28b9a,0.02387726747060042
ck_ec3eb6dd0967cac5,0.03845405943512379
ck_5124a2e415384945,0.03256488911385514
ck_073509af21dd7f5f,0.20266735038085873
ck_617b65141f546a1c,0.0019023348323958197
ck_fa4b60387d744fc5,0.0007793659036338643
ck_98068c397d70dd3a,0.020206925108700327
ck_aed2681e1646a0df,0.09506422218732906
ck_e98429675b46272b,0.0023307036825351937
ck_b25657bd16739036,0.01719044824679687
ck_75217ee144b715f8,0.03515346988938402
ck_b359192aa659bdce,0.007469861285351299
ck_82181b935360dcbc,0.963850932448237
ck_52c0ef68aa2fb8cf,0.006973739775758086
ck_06f042e9b1b662fd,0.03647684385934151
ck_c0b5cc3e8ad2ff44,0.05054214908379571
ck_368b968b5f33431e,0.0015237136749433771
ck_6e44024e9de301c6,0.002090779484646887
ck_f5e02a3432571b20,0.02845106083560276
ck_bed0c020b10afa3b,0.016183473383474253
ck_7e63168dda612235,0.0013182710383020692
ck_4c25570eb72711b8,0.002938248836044115
ck_58955542edee1adc,0.0022985193742359328
ck_06d0e4a9189302a9,0.04026376682475489
ck_f1b80b821a20186d,0.03420876817467338
ck_b5c93e6d34f8d366,0.002245225509068018
ck_69587a134d43a4ad,0.12590261903992736
ck_70a932ab39d86a24,0.0033170331687546826
ck_96100d5e8e051e91,0.00505447465129806
ck_b26e4ae47c9107ed,0.16085543433061972
ck_492e4b89c61b7b6c,0.005109697420692824
ck_36d78ff3bc033ee5,0.007474004532422065
ck_9c9884b9bcaa552e,0.2087895693590277
ck_cfb11a0a2325bff5,0.0018750137232257107
ck_598e036a28262aeb,0.07161995138868504
ck_8176616132458c0f,0.0066212730961128525
ck_4becdd3d2696c7ba,0.004943861298191356
ck_7333cedb61506ead,0.009987788800092585
ck_a69ca7b9d70972bb,0.006919494502211273
ck_e032068be7b77d15,0.00805480776879314
ck_02ec4e06709e6b82,0.0015613967980865292
ck_13cd943777651aac,0.03190129991804326
ck_29640fc2fe81c251,0.018440622352236338
ck_00d1ebc31ec4653c,0.008471313671151061
ck_7c872c99481c1e9e,0.0077027311628542205
ck_b1dba768dbe7affe,0.042111334284701464
ck_7c3a6a82f3c3241d,0.004935193848097455
ck_c924f36bc1bbbaa3,0.0049692276383256915
ck_0a2b7078736b4dda,0.0017793825000720475
ck_5b5dea6476d4e182,0.014388882951306631
ck_f271e855925e8d6b,0.13790992626605872
ck_97a8dac48dd62488,0.373269463369696
ck_63133a79f23e2627,0.04230022569432196
ck_9b5ec0f78e160e65,0.003480239163289483
ck_7264486eb512d84a,0.003047913446770591
ck_a50621b5eeca84b4,0.0018645155843153793
ck_901d820e0b72abae,0.0026676383237515216
ck_9d1a5cf5a3b87e48,0.010293576403572953
ck_e291cc60920456d0,0.12327315304329546
ck_755010362a9b1bc4,0.0020833697695281433
ck_8285bd3c90af94f6,0.007092310651793038
ck_a60388296a47062c,0.02802693634523362
ck_d3d5b2717cfc3913,0.027068430428390675
ck_18d214b1418be39d,0.003032079258762619
ck_6d64e1c07b19856e,0.005235038860416632
ck_0a993bc947bab61f,0.02692557583399775
ck_7501ebbf4e21f160,0.012195974049973248
ck_cba4162ef29a6d27,0.014192586194268891
ck_26bd0f8898afc8ba,0.006720798866047695
ck_0a0cd7f4be606a93,0.08531659178032078
ck_f2c7a4c50e2ede96,0.025420527054957544
ck_50d0bb7edd8c69c0,0.025242982695463476
ck_5791f8f76a629a4f,0.057283394170781585
ck_0bf35dcf7b38f650,0.0025007686507981003
ck_646dc03de4c31803,0.7598306857272407
ck_d4007b5b26d9d854,0.0016188310717092167
ck_943f66f28dd24750,0.00029975061355272533
ck_984dd7452aee372d,0.06791679531551031
ck_ecaa6de0aca5e9a0,0.019558873714633374
ck_2225b555aa2a42ed,0.02392191386867598
ck_f11f7691af16ad07,0.0009013673687387752
ck_57849e15b61c43b4,0.003181120485260331
ck_e6b95ff91116a592,0.005420287106487438
ck_184983177b73dea5,0.008821413384523078
ck_3bd12d468fdc2450,0.002930465099632591
ck_08c7bb0f9851cb76,0.13570305106246
ck_779581adb573261f,0.022860457520007513
ck_02d4cef6358ad3b7,0.0041030186276472345
ck_a60a61ac829252a0,0.003986467353590253
ck_942b95988a6245a6,0.09704709154146586
ck_6ea70950c1cae00b,0.9707348106117479
ck_f823407ace7ff064,0.038905971603641266
ck_7c418947124dee8f,0.13160521720616966
ck_bb0713a2a1d65982,0.01593043366386608
ck_a85182ad90b6f1e1,0.0008567876124460578
ck_e267999226b6321b,0.000932739169023746
ck_4ba8bec14c2217e1,0.005347735748962641
ck_174be2231c5fd2b6,0.001732533070687194
ck_610815786d729d2f,0.012148387231437068
ck_e9b75ed7567a3f23,0.021177766436508823
ck_7c5529bcc079600b,0.009021463977716627
ck_5d16e257c0635f7e,0.35765016321778986
ck_c830f3830875b47a,0.006294857276108485
ck_2caf553b31831a50,0.0037157262829344163
ck_90696b7182dd9129,0.01087621653642527
ck_38e4a74ab256e2eb,0.008895220292930585
ck_cdcf6671b37c9c92,0.008810172737810828
ck_f0c18cb9f951a71e,0.008161217026496406
ck_d61d97b21002f3e9,0.05147709833550659
ck_cd09375e6c81d2c4,0.007765444473444869
ck_a79a27767a02e31f,0.018148658937178284
ck_0943e0f305078e34,0.9701734159713002
ck_fe3b67041dad2dd1,0.001140283338555487
ck_3420f2fd520890f3,0.03614538833614581
ck_3e91dcc209431984,0.01729675405058742
ck_e4d6dedd97233c07,0.021644401571967637
ck_19db0bf788697c2b,0.007834048142127509
ck_4221e07b17388fd3,0.060642772308696725
ck_5e8e857b63966609,0.6312738611556147
ck_c8806749e263f70b,0.0027376124491918768
ck_233a487d31c3e631,0.998437067935123
ck_e2a2ce9b8cf44c63,0.007605906015484272
ck_e6c8611c0cf233d7,0.0019111713674173328
ck_4fecb87eaffd5cb5,0.0033209742975758637
ck_f91d48c40337d375,0.00451965538757511
ck_79c30169c71b8033,0.8969253031483716
ck_b0ed11080076e381,0.002344543821733065
ck_bd2545c62f258231,0.032578462117916526
ck_d69de468b44143ca,0.003769639688886508
ck_55fc62a5f89a7251,0.0173616757678609
ck_c16ab1e4dafb4910,0.17172115927694728
ck_069d158665a53909,0.019226927656268832
ck_ee4ff3aeadf912c1,0.006849292757246486
ck_ecb1e15f0b185ceb,0.045430098610655924
ck_e76db7d2562f9836,0.017148111686797196
ck_d1d079913aa158bf,0.0030333006090930317
ck_2cb763a881aee27f,0.0008095063603765303
ck_19becd44f2c3d2b5,0.05794700068607614
ck_5e20953547ba4135,0.08333733959758405
ck_f04761b4a937ac3b,0.00803496233314316
ck_7d0fe77dd5ddb656,0.009106859741856757
ck_78f01d78ea79642f,0.015666363131511797
ck_ad54292a0b2f44ef,0.026473556019802485
ck_66bed631354de5b7,0.00748046654436343
ck_417090dbffb1a63c,0.014888038771152095
ck_d0935b571a4a3868,0.010999350375380957
ck_dd0e17605f970319,0.004110226034431108
ck_2dc31db181150e20,0.004602867880589359
ck_b568ba3837afb39a,0.00046817120418001293
ck_8de69cd219d3b87f,0.19162137529769627
ck_3d4913a86f207fee,0.028423144904133047
ck_ee949c71f4f702eb,0.9976456079280644
ck_01645ea51972e99a,0.035232611919137555
ck_a60c618b7f0e4252,0.001641494976750713
ck_3837ad850996ba60,0.008507707001785937
ck_a524071c51ddde20,0.01433742337664464
ck_0af57ebaa45877a1,0.007099159024382068
ck_a7cf6c3b322f6b7a,0.016703691111719036
ck_ce0ec41f96951048,0.01216279532873371
ck_5c3a671883d58b3f,0.001341661165501742
ck_7905fe8e257b0449,0.08290681513671345
ck_da6d1e5cf6aba6fd,0.005429283539436096
ck_6b67fe8e310ab865,0.0068795847164423215
ck_cbaf8a954281d4e3,0.9743510851934284
ck_ed26d906883bea0a,0.0048367828436737615
ck_b621b6ffcc7f4848,0.003656489568663299
ck_ef6f8e048ae1bd4b,0.010424716549654487
ck_2a09d142de1c77ff,0.006234370489236868
ck_c340644176ca03e7,0.015451754346736164
ck_bea2cf7a6b7bb900,0.002517491809360145
ck_1f136a4476b5e775,0.0055019461834988495
ck_3759939a0205306d,0.005669336381272586
ck_ee13c091bc379188,0.012342529602875553
ck_d58e058b5c553dd5,0.007934669070512558
ck_396e9ea9a6c6d7d9,0.019931650046869677
ck_402db4184982fdf5,0.026320186841766912
ck_a037aff5f8128c73,0.00204842246262042
ck_8f6cce9f69912983,0.0037276021321532545
ck_8758fc6622bbb7df,0.0215333868237298
ck_6ca018259f70858f,0.00618640029273529
ck_63379e3c9fe6f711,0.0455824076440865
ck_5aadd286d188f5c3,0.008345149505315924
ck_e69d27e8965df0be,0.0012519814428440582
ck_c67f7944896a0310,0.05045747892187666
ck_565e3418d2f4061c,0.012359579888785447
ck_58eb871e8d7bed52,0.029506884599367154
ck_d5f5b0dc97b9dc27,0.052284048213435456
ck_87abe9cd066a20fb,0.023830899860137495
ck_ff7e31ff8ba731e5,0.01321934535589723
ck_f73273e220296be8,0.03312465319434209
ck_73f4eb09af29b1c0,0.034397507222064534
ck_49dd816b31fba6b6,0.4068143503704248
ck_bdd2da300b530c5a,0.009644915459260862
ck_8a4952de8a123ef8,0.0033482021550700924
ck_49170c4b31a20f5c,0.0018284971456072328
ck_2b7cadbc8b180d32,0.7775679530423087
ck_eb1006e7285184a6,0.0215794053713583
ck_646d8d0834782d6a,0.12535815751493345
ck_1b823610371a29c0,0.006531213946916858
ck_8dde670a735d1e90,0.05092489700193432
ck_37899b1b571b1c6b,0.010590731939861769
ck_82a8bdd2692c2a5e,0.003042498498067977
ck_5c67f27816ae0b6f,0.024444143830663886
ck_fb6e06ca88519dcd,0.007460685244489393
ck_f2c33d5b65b321db,0.026905465730778337
ck_ca1f6f01868e978f,0.013297639626307558
ck_22bfb9246646eb41,0.8184917962627999
ck_7cd9f39c50748ed0,0.006061383804781954
ck_62fd7eb46bee9210,0.016786323254026746
ck_c3c19d6a0720915c,0.0019331294780873974
ck_7cd0634a6e60af83,0.010760082542619849
ck_2733fc6ba23ae46e,0.039741670729723615
ck_82f3f744209888ac,0.016154535174309422
ck_66eb09be007f0755,0.010561026477392297
ck_7f8e816ca51755e3,0.9893139565953094
ck_4185506d12cf9fa0,0.0007910192099575359
ck_2659d1d3762a2825,0.005072323569896446
ck_df4424f6dd85080d,0.09836402622640253
ck_5e9e149a3b69c726,0.018910990744236664
ck_8288f7f226e08b89,0.006321031207274196
ck_a7285955e2852686,0.023547064505734013
ck_d099fca88691f66f,0.11120133417059208
ck_166bd1dcbaf4d6fa,0.0012628880593369297
ck_fa5830d81bc8ddc1,0.002417946888895039
ck_18e2076397bcc211,0.024473769191144065
ck_f7285b92648c1c81,0.0022491042908775573
ck_ff42557857ae3aeb,0.0038874936445089316
ck_7956c251b85f009e,0.692550056090607
ck_c2d3ecd7278eba2c,0.00190175519092385
ck_fa00aa0f3e859904,0.028214916071604222
ck_0063d2a9507467e5,0.0031876429298868278
ck_26e9a7bb2061a58e,0.036530266110567436
ck_d7607a213b800bfb,0.05605493326182868
ck_266ce7ccf41ccc50,0.007557108713692418
ck_8e16a64a776afa82,0.21520127843397935
ck_f7fc1bd0b9ab1fa4,0.012304852002737936
ck_a4fa8833995c716a,0.007849139483572931
ck_ab640420858ab5c4,0.12181124305742383
ck_5923f53b77193a58,0.2533428820208181
ck_d1bbfd246c0ac9d5,0.05783180972601975
ck_e007aedbf37d6ec7,0.0021746697511900817
ck_9645e7adc08631b5,0.01278772256204714
ck_57bbb19eecb4b87c,0.000817893397638757
ck_96953b8945b7d403,0.005263788128272108
ck_1078b1e155b5b640,0.010231738615999847
ck_ee53ce862bc9c111,0.005633692969581297
ck_ba6e1115fceaa067,0.027349462838398227
ck_78181f8e998e442f,0.0013337653129818462
ck_016e8c8eaf9d511b,0.025800296206400973
ck_e2aa7be60794593d,0.21543838036626517
ck_ae8e5dc4b725bc25,0.015580410523444634
ck_fc7935f784a4f249,0.007723925085611853
ck_05d44eb1f5f085ce,0.01423974411419639
ck_49886ff1e2c759d6,0.025633111004069318
ck_d87ab3261322216a,0.0003081265275779201
ck_0ac9848bd4ba0c14,0.0009991507999288888
ck_d115ac6b9fd62a7e,0.011061073116892231
ck_bdcf049c1e7d0c95,0.00709111475419216
ck_7743c9fe037d1f9e,0.01733084229732242
ck_37143d9cc296e6fa,0.0036391754615994
ck_2f138fce1171e277,0.008188573401175065
ck_61fa051192f3e810,0.024438154018067423
ck_417a3500b2c717b3,0.03495125210083334
ck_9473ea4a01c95f9a,0.07056659033854601
ck_de5eaa2cdbcb67ff,0.07770960665812765
ck_986e4e61440506d0,0.11282671940663148
ck_d3877e1f907cc148,0.00799060788540869
ck_2468a7e9e68a0927,0.0041739701124806775
ck_c3ff6790cc6d7e34,0.0037062135336251747
ck_bd85f30c36f5998d,0.05331309897647283
ck_90bf017cdd37b66e,0.03274365023665892
ck_448456f96788713b,0.026484042485411655
ck_455672e652fe1abc,0.9158841030715098
ck_142dba210ed2f3b5,0.03260141839409867
ck_895bb39d24bc1c4c,0.0009455989954559218
ck_21ed2ea6386c5a07,0.0008320863278370241
ck_61c74163eb36556e,0.008354850503451312
ck_7e2ae8b69ebd5675,0.008625266235812097
ck_9b71274ff83de482,0.9881417310300864
ck_748af92828c9d288,0.0037311109695134003
ck_6276ece8f80ea799,0.021127639207318506
ck_f4a6a7cadd6e0603,0.05513222555370057
ck_33ad8d53394ba77a,0.3397255483668044
ck_f65e5ff7da565f91,0.004908653700150065
ck_49969a9abc47cb69,0.00997279483245534
ck_f1e0a006068aff29,0.03378342739064095
ck_72b86e4485da2d0f,0.9787884882524146
ck_0789ff4562202b20,0.00966849707889011
ck_bff090cb4ab76b9f,0.014826528218772788
ck_15de11438732bb05,0.003928151519895244
ck_9c9287cb28950eb6,0.015199510851670725
ck_d11d27de7bf0b973,0.1661630686451842
ck_7f08078908599bd2,0.028222554745081948
ck_c1d1a625b885a975,0.020075157187976273
ck_2987eab34ca7805d,0.012236525593980547
ck_c2ed04a9d218410b,0.0032553650559956214
ck_73d3e8c6077f61e6,0.060708970842372464
ck_9a15fdefc47e8d11,0.0247139993124215
ck_f738b633b8862d18,0.0003713154399480938
ck_56eed7041add49a1,0.25086993240316124
ck_3fe86b6331ff95e3,0.09629436915839291
ck_34a69b3b4a681796,0.21702880329622276
ck_97d04a67a104af39,0.06120601892535108
ck_833a65b86a5d9bda,0.0006983263330733316
ck_34dfb57e5bf31d2f,0.04224811053122132
ck_ba7e347251ea399b,0.008147138760176123
ck_31d4c0518e5f52c6,0.0027408476659677794
ck_6f04d047d1dde75e,0.0010507695530717
ck_82b5b79ce3517102,0.7984356312829953
ck_80dfa54b30f65fff,0.6354172642327635
ck_3d7b1078e2d57c69,0.005190592140231683
ck_dae09c4e074af5dd,0.014004469611350526
ck_4ceb43ccd0a81c2f,0.006007716733084413
ck_0cff8153881875ba,0.011047700580386458
ck_439cf7d51ec7de0f,0.0044158987942691285
ck_165a868bdef28ad3,0.04424131851459484
ck_3174419a81e7caf2,0.00536501639150877
ck_0c3dd22587b08018,0.048255334008374076
ck_88774ae52e30e877,0.025723233968670645
ck_c24f61925dc158d5,0.24610415643110317
ck_c543d82e22b3c8a5,0.001877689984317642
ck_c78c096ca8cb33ac,0.0009406587023671609
ck_385188ab27784fe3,0.04103087066758103
ck_9947a323bab5cacd,0.049080858508646914
ck_86d7127391d4e01f,0.001565612878277012
ck_a1484e6215fac651,0.8814651337847204
ck_d4fd0e438c97e0c7,0.028432910286180887
ck_ac7fe1c344190c50,0.019667431279492005
ck_e7a6b925c8f39a85,0.010449909150523014
ck_38ee42f15a573e81,0.016781804648017366
ck_01fbafc42c8e33f5,0.005360929385496553
ck_d3137f0f7629040b,0.0014428371432901512
ck_73a7794b659d7a34,0.0043291943208696995
ck_c86520a00e50a926,0.039425569322154075
ck_7f6fa79c7a107161,0.015309543122986892
ck_643abfbd7548d0c9,0.028796397119773828
ck_1b0434f096795328,0.0017869897979865296
ck_e527fbb9450a4581,0.9173637505475417
ck_35bee1fc12664644,0.3153290084988048
ck_9e21ea33018ce538,0.015031639047306991
ck_0b34197335ba3341,0.004615956400591436
ck_a432b1bf1d3b3d5e,0.31892489032108
ck_35c93b2924900376,0.00278855788075624
ck_6430a8792f400e0a,0.0032322271428373247
ck_7ef666d67bc70223,0.019907486149719836
ck_a3acf4b986afa98b,0.061800735924063266
ck_5d1e25d7acc5af9a,0.006858632844724445
ck_d3885e286b3b11d2,0.041587058849462996
ck_e7f61b4a39ba98ac,0.0015449585458997851
ck_c9690baddfc4177e,0.0006959159642657986
ck_59fae092fb0c4aa3,0.017146548649747528
ck_11960b5f1c7a5e2c,0.0017949395696706246
ck_4b9dd69946438d0b,0.008194930824516517
ck_a2cc3910a641a808,0.7499665179244526
ck_018f780215ecaf38,0.007134750236771695
ck_baba5d66def0d770,0.08534904559646989
ck_cb1bd7635968ed8c,0.1986503386151622
ck_5a17c89219d1d9fe,0.027349239350884694
ck_3efb0e9bf25612c7,0.002650258949762965
ck_66f94903177f20eb,0.0031881276703483986
ck_295565fbf77ef885,0.002442942458721599
ck_0fb3153d37626b75,0.0005650737392529445
ck_25fc3010e8a0f6d7,0.014259888932101245
ck_879cc3166fe1bada,0.002368646097131604
ck_a5e036327d3d1862,0.0010071975818250762
ck_1694c28f44480e98,0.0148144969818543
ck_c6cb651149dc9a8a,0.002408847802854518
ck_c5b583490198672d,0.004802064418600561
ck_1b96d9af0d7da2d5,0.005823114068123371
ck_0a8029e79a5ae7ce,0.01434775693494295
ck_c77e22834ef97005,0.5057854097365294
ck_d8ddf5e99f7859e4,0.006145473284299789
ck_91742711dfdffd56,0.01712028870118487
ck_95b894380ad2702a,0.14065437624552968
ck_277621473369614f,0.9977328785326269
ck_5cb9d7b2329d5ab6,0.019440079434105917
ck_67025c64588abd1e,0.0022876813538511022
ck_fef850553862aaca,0.0013601044020604132
ck_7929284327667791,0.048406813090381244
ck_319b059bb2145586,0.014231850569282499
ck_c190c7b924edba75,0.04628206861059073
ck_57b657aba4daffde,0.05574718965212425
ck_55d7217b0aff9fa2,0.010080256946028918
ck_1dade5592f90a15c,0.019868616883518698
ck_8f346b72fb40bf14,0.006249290020382578
ck_cfadd21458230ef7,0.006069625988029417
ck_793048d11fb8b328,0.20844197197219108
ck_70b9b79ea1aacba8,0.02237322448734502
ck_c54c5d8e4433b0f2,0.0025145404581721257
ck_50422466f145bfd7,0.0014035749097643993
ck_a3564236069e3524,0.036239310447555295
ck_ef059997563e3330,0.004435443119153041
ck_e14892e424180549,0.0015078802150310213
ck_9f5f81d771146aa1,0.0010395057370608668
ck_3a469039a5b9d963,0.004738960992755234
ck_63601a58a6120d8a,0.011803340696508118
ck_9323e6fc1e168eda,0.8275805270778662
ck_bed8a480e27e911e,0.02832630963456872
ck_ddd6625c5eddad70,0.001855656845574985
ck_5d22e9ca1d15180b,0.3613201417594249
ck_cf36d8b070ded782,0.008062535977347404
ck_fd5609bd23a1eaf8,0.0027975938056513227
ck_1982d571cd36eb0c,0.004172980451388066
ck_c021495606b4735e,0.0036296677865979184
ck_1fc03ba33edd9e67,0.024119379183462124
ck_67e075c982add719,0.0016102589340904728
ck_9040edd974ef8e3f,0.7679652229855171
ck_c3fe0c6c5e1f40f6,0.005411548903529169
ck_767947540b234add,0.006937048817562734
ck_e8298ff2dc1e9d50,0.0022110742638831787
ck_becb6e1c608e0078,0.003150384951813886
ck_3ce7cad1f69b71d6,0.00840401178531744
ck_ed0e776c0926ce67,0.08328829591268322
ck_14f0484b3817eda5,0.025137126264251134
ck_e2a1068c2fa22525,0.021869488580054226
ck_eb224c0fd146253f,0.06793757475198449
ck_f92e04024bf13558,0.0022813392588034343
ck_a9161cf1ca22a6bf,0.004081932846806429
ck_1a46b56f4734d52e,0.020585957924083575
ck_cd655202db489010,0.0025736069234688925
ck_a980b296c95153f9,0.01397437925622215
ck_beaacb4a783db21f,0.003830079997751297
ck_03009b721568ee98,0.03502243246865974
ck_37ad3a65db673e70,0.004799095655389301
ck_071ddaaf2e4e3671,0.00584674546206246
ck_019d5891103e7da3,0.009223372760726453
ck_1a065ea906ae3d6a,0.006457553337326428
ck_6f2f0396e5b1c538,0.9810184194016562
ck_055fb9f2e1c8c934,0.056369800389288204
ck_6fd8c86ac719d7eb,0.1339115907877395
ck_920bb003b42e6310,0.0018189738655997147
ck_8beae3d7328fa41a,0.05062924288199427
ck_910205d25388a0ae,0.000798874509199444
ck_007337aa99a4891e,0.0005384521901049855
ck_5df6529ce8290906,0.013312571636346842
ck_35f8656bf93e3b3d,0.007361625826756168
ck_0a2f8b2f8a5b6f02,0.012495994272481247
ck_fab4f2f8531b4827,0.021454936914978223
ck_7c4e588f927c27c8,0.010846911793913568
ck_7cdec61e1c488798,0.03748372480120232
ck_19468fe07e26f992,0.9717073413744998
ck_d021fd497ea35fb2,0.004188856065209211
ck_1b52590757c0fbeb,0.013546125793772602
ck_074be35c951ae10a,0.01826459349443817
ck_38e46bc861e0165b,0.020036368131586758
ck_201687857ec8b3cc,0.01479323504459125
ck_bebea2cf3063fb24,0.008115618424374672
ck_dfadff70a58a9133,0.0019006522485607168
ck_d0c9633fed57c344,0.022511356294168915
ck_3303fd3f64632c7c,0.036713120843032354
ck_9d4fed252718f58a,0.008311038894519392
ck_65ad9b15979e3247,0.0063431059169750245
ck_93892e91387f5103,0.030210601157529573
ck_6f81c199e986d9fc,0.0030092371990957352
ck_bbe1a2ea5a403ad8,0.37114674825372046
ck_a89b66665714058f,0.003677466453472912
ck_0e9b982afc88a3a9,0.9944286072010897
ck_f14dce41036486a3,0.9886383619557969
ck_5d7ae0e3562e99bf,0.07318180858855515
ck_d263b55f0a681cce,0.0489667532248867
ck_a443d49c2b4863b0,0.00933474327841856
ck_2baf214ad6bc0dbf,0.048226255908381255
ck_3ef7a03ebb81cfe3,0.0004335056720956484
ck_95790440bc4bd2d0,0.005435093658429554
ck_841f598bbd54c83f,0.04493223794504327
ck_a7bc323ffed2ea97,0.3032651308371514
ck_f5100511609b92c0,0.0008819498356846825
ck_2a07c7021b71cf65,0.0207833076418068
ck_44b9125526acb05d,0.013233481336431832
ck_c2b4a1d8c0b6c1cd,0.0006076365814648677
ck_29c11bd68858e923,0.0008745501866860416
ck_ace3b96c977a7560,0.142598569164358
ck_e3d4b6f681c783ab,0.012798936019382064
ck_918c92182b6817cd,0.01781044967803308
ck_d66952b03591bdec,0.00893155959421003
ck_7a58e0cc9943c39a,0.004117335369137833
ck_cdd2ebeec75bfa69,0.13593118509916552
ck_38703b7546d35a80,0.031844170359589426
ck_b60fb9a10d6f4489,0.021326042542416424
ck_bdf837d761a7cec2,0.5990095986849672
ck_4760216154c8cac2,0.4773267420123448
ck_b694c803b62862b3,0.0036225613167901586
ck_d7877684c7923ec3,0.01326700253151578
ck_7384d4d2406aabf4,0.007988148283640006
ck_0c2932cc0d553694,0.006150265150212693
ck_bb41a66e3d90263b,0.20458797413135185
ck_5245cbc5ff4d4fa6,0.011629392851265002
ck_4df2fb8e4b649e27,0.004093282744557837
ck_bc6f07b06aaa4ce3,0.22678694207859865
ck_25a1ea40b2d59254,0.0016512115328364274
ck_af65eb885a51048d,0.0008342350554917891
ck_7a3f2961e9a8b6dc,0.0026707497218471364
ck_a9f700eee5d638df,0.008865315210342908
ck_5e18870d8e30e379,0.021407778225018305
ck_e9047964952bee70,0.025786969520043643
ck_49c3bf13dc9471ce,0.012696791029779454
ck_4f63d5245b3ac1dd,0.01526897875622771
ck_291bffc7809f896a,0.0008601664524628694
ck_9b5e7fe28208f5d1,0.00404366245472053
ck_8f21f2690c32c691,0.12206242633069561
ck_729cc0b46cc2e546,0.21440548394244338
ck_ee4d9a7449515908,0.0020035133127335684
ck_2c629c657f73941f,0.006155590540719523
ck_e4df7faacdfe8c40,0.03538386458204764
ck_ddc865af1dd5670e,0.01401468926797794
ck_e52cbcd9aafd26b2,0.002317172628556929
ck_0ac9114076f5bf3d,0.012408794825540682
ck_7661d7ceaeb19f97,0.02998407321342906
ck_028c41b195280980,0.005461860007784548
ck_dcc125b178b79566,0.0008508831899348437
ck_1f517e0ebf397b51,0.02240793374903063
ck_2c80a592fb4cd6a3,0.0029214461290022
ck_391639c0f13932f3,0.0007502388331293023
ck_c36ed9f8e6792ea4,0.0055636416550893224
ck_3689fa41748a6f6b,0.037161344096713116
ck_555848d51f4b5f35,0.047099477936481005
ck_27e4de495abb4d15,0.05354257543951042
ck_054ed4288ee58d6e,0.019250245648129306
ck_1422a7bf7756294d,0.9831454718696011
ck_27acc9f320cda104,0.10333463024252254
ck_9c4886c5c90ddbdc,0.003516640756289443
ck_5efbea1befdefe1b,0.15975554925586344
ck_2f9fa0d61829f815,0.00873611798828669
ck_798ba4b8aa544fea,0.0009094788081303928
ck_54e581f71be5430d,0.0016016451111114903
ck_5b82c774df10d49b,0.0028810956199888447
ck_01d840cffb870615,0.36831647121530975
ck_3a8ce1cc724229b8,0.00032968934707224956
ck_8f43459991ea511f,0.003266325962269411
ck_f878b68d66fbfd4b,0.0011847903837917916
ck_e84abfc0c747c9dd,0.9255751091008378
ck_083e4ac78685c3bb,0.02901200581875994
ck_fd242b18575e3063,0.026457133433176492
ck_b150fe4efb449b05,0.001953753106136504
ck_5e84bca0e362da20,0.013035927406658956
ck_95188150ff059c70,0.049027601411596004
ck_c20638a325ead2e4,0.0033841971593767993
ck_dfd3dbd0d97a642b,0.011062230130452613
ck_5fdf8a0bdbd3ed62,0.011105537582726853
ck_d6df562a79b9d0d9,0.007078656188424293
ck_28c53b214b2ee882,0.09830962212566453
ck_aa2b4c662ff213b6,0.008320938281863673
ck_5a6593d954085775,0.0039088126388379905
ck_558cfe5f77a55a9d,0.006768950751239154
ck_c7ae1d4b3ab38185,0.002439216825086475
ck_0fd826fad7ec7cd6,0.010421313503463788
ck_ad6d48c20a3688a7,0.0009249655612220913
ck_123c15d93f1840f2,0.08079848617789696
ck_a75ece9a9044eed0,0.0008618225280978104
ck_403da2a2d800df9f,0.22138268454525156
ck_7fd8b1470401695f,0.36866271360162856
ck_cfb06f07394dfe64,0.0006207732320017589
ck_aa01d5aafde73d0a,0.004677272704856742
ck_dcf851e7bb5855d0,0.003304497392093281
ck_2fa8f2577116e9ca,0.09073568054395849
ck_57deb202d4188a29,0.010543444648932426
ck_a95afc7a00303a26,0.006984950779487895
ck_1f871df76c6a995b,0.06800360981389479
ck_1a6b30320835e57e,0.010173576035435415
ck_73c5371635aca173,0.9044762854724817
ck_1a9235812de4b2c1,0.052185578848410824
ck_ec26e327cc1848b2,0.00722508910339643
ck_0742fe64055d686f,0.0037513701540290547
ck_076cbc25c8f15fc3,0.8862925822806449
ck_ada46085a78280e4,0.005591744912170094
ck_0aaaa9d2f75a0518,0.018959187401420313
ck_4ff6fc70bccfba96,0.32714016417811803
ck_a6fc92aa91e99b77,0.9799495041416943
ck_6031211ff118cf0f,0.0035153988825684258
ck_920a48ba8c583e96,0.0023998174877171556
ck_098167eaf124c279,0.008740764751293489
ck_91a0ca45f429568d,0.013029133876829031
ck_e077d004cd1d80ae,0.014554468511115222
ck_20a7d1ce6cc27312,0.0037363191417574223
ck_8d27ff8383d48132,0.008012902470867464
ck_c47e32c47f0e6578,0.23751484170784468
ck_9d7151dbdf100e0e,0.01877708688231641
ck_5dd80b3c01457bd8,0.027083589237204254
ck_8594f165e95316d2,0.0046940529746653005
ck_a58e900469dfc3f0,0.019728749584930188
ck_f5178a658225d8e4,0.001527221490580004
ck_f5dde68f6f0468e1,0.007081844425662148
ck_a8a2e296f9804bd7,0.020471944175886415
ck_463937167965a1f8,0.02009093066562564
ck_12a074db100481cf,0.049611540696173066
ck_88e3dd3039508332,0.019217980376759813
ck_9cdfaa1c30cc9d32,0.001998026645748253
ck_4e0e80f5cc271bf7,0.0012917731704076363
ck_af69bfcf4f07d932,0.0197927623781543
ck_5a4d19f1b83feeb8,0.005303562605508308
ck_eaec5f1a83b66eb0,0.17911110168493924
ck_2c4be237a7ed79c7,0.0025717289662326804
ck_e16528edc694fb33,0.934525458385965
ck_3c177f5970b68bd3,0.004004326745579517
ck_ad7c256ea10c4a00,0.07622608115823305
ck_012519bb095ad36b,0.9953573572146155
ck_0ed2739384f1d644,0.005389702403853508
ck_48446a9e8184c7d4,0.0012816979310786441
ck_31e1ede23247d56b,0.029599648348299465
ck_40052cac10562cde,0.020256142099928463
ck_3267fe3aac05c71e,0.017010466772639357
ck_c3db1b3ad4f16679,0.005061738672709374
ck_1b74b798eebeabdc,0.0071882506499943545
ck_510e7c5df1f95d90,0.9971917270720526
ck_948517bad569b40f,0.07710194035664529
ck_b16a7c51b6f7a6b1,0.07400275601553523
ck_b53ea8713d32ca7c,0.011130829068851465
ck_11bf1039f8b3025b,0.002555814730974514
ck_4b088920f3a844c1,0.034303326176830476
ck_c2015a1200971fe9,0.014640471921345159
ck_f5a32e6160b28379,0.0020635991659475584
ck_b0b5bf9254700402,0.01035988728070919
ck_eeca179341d56f8a,0.7213067961791906
ck_d94dfde9e03c9d1a,0.014819533953848585
ck_938ce30c864bc7df,0.0007220393683112673
ck_66d38518f68e6194,0.0005076249435488961
ck_115d86fabde77b65,0.001840041624187855
ck_9e109edd124492a5,0.0028574651755542487
ck_f29471fe7c818d6a,0.005569827839449864
ck_a27bc31eecd9cb9a,0.014239106927483189
ck_ed4427962c68918c,0.9674317351110693
ck_7b55d9bb1a250d4f,0.02629145278174217
ck_461e3f7b97db8d16,0.0198009430658301
ck_2ee84f3fa27f2cb8,0.0026594208213905814
ck_bdee7c86f5ebe81f,0.03069768322438469
ck_719602def4d35fe0,0.017989715729732198
ck_87c26b2f41025109,0.9962331168255094
ck_c7baebe4549fdbb4,0.028655420042491907
ck_6f847263379f2e43,0.08539454730148535
ck_95391029a21caa24,0.02817067883653176
ck_97402a153348e68f,0.0031737251025643945
ck_f1acf73363925958,0.02130805223207801
ck_041614694b77e599,0.003317255038015525
ck_a7b57882ab66b111,0.0014658746276445113
ck_71a0d645744302a3,0.005218392481940144
ck_bfc453eabb472f91,0.007223713212974691
ck_c33a762d98f9b290,0.002723221227591505
ck_9e75c6641939f4fc,0.1167858494914604
ck_d17653a4a2d4a79e,0.015065622396722468
ck_df20cc23b8fb8e22,0.011875447001243907
ck_62720b81617896cc,0.006998996212643443
ck_d6d2c1f6dfc455b6,0.39084401503696486
ck_a0b4209feb31f5c0,0.99765461044225
ck_779cc0f2de4d5488,0.11885274770973114
ck_3152c7115257f084,0.010056423619135741
ck_a28d6b1601b472a6,0.04222054308935257
ck_761989aa4c47d746,0.01599045728171152
ck_97e3b04a1350f6e4,0.013191112616718325
ck_397d5fcc9972f909,0.03929075808220904
ck_bae8dae7cfd8baba,0.002074282964996832
ck_04e32ee9834c088d,0.381459730439797
ck_bba0ccc6cd968680,0.02572047189814282
ck_1b34c420a4c85a95,0.0028273374975875906
ck_a1201284122c141f,0.03257641120332768
ck_5ac335f02280271e,0.015771447887599245
ck_dd882323474431d4,0.011090606357092064
ck_f9604adde929beff,0.0051407820882644695
ck_44211dc210139ed3,0.008322158445986022
ck_e5e5dc431bed6f9d,0.004079915865861128
ck_17d3022ca12eacd7,0.009010459540441938
ck_209f574c8d92274e,0.0025824861137113434
ck_9fcde1ff46cbbea5,0.0029544536832714382
ck_58fd684aa5a6f289,0.000673987995505249
ck_e96a5e1f08f8a867,0.004874130329353959
ck_90456160115f9ef4,0.0036553341434001126
ck_70a60e095e9b706f,0.0005105307338203149
ck_2d46291975f0dd08,0.002664324334050264
ck_f2734417c0db4ee3,0.0015063865112307645
ck_651e076ee43aea85,0.003350089628656979
ck_74d602c907ee9119,0.001461418681082835
ck_4c99a6eadea143e2,0.07499061119377658
ck_8395f004cf4d4c08,0.0012251834994670397
ck_3938e92585df2b34,0.009337750044699224
ck_bc32655ee5ed643e,0.018484825023253597
ck_ced9163ea85589ea,0.11627359829008299
ck_9111e3a04b14dfba,0.011833066489042348
ck_791be3378dd7d64c,0.03925931294464066
ck_7cb0c9ded4d63027,0.015185331267494927
ck_0db62d5f7f75f80f,0.008352015461756646
ck_1723900ab9afe374,0.08661840730060329
ck_54459b45d2be8459,0.0019384230431681402
ck_a0543e9b3abe1001,0.021527961828965426
ck_08dba09fd7dab896,0.015870048383723193
ck_b9eaf03453ac7d5f,0.002585011184437288
ck_298922703c5bbe05,0.05475158550800103
ck_e662b14b2bab23a2,0.30614627174031345
ck_4a691892d9d6cf89,0.0035548016839484203
ck_056d5f0301c30902,0.08465068373549361
ck_7cdce37d895eefb8,0.004414696890463163
ck_c0b8067c144ed6c1,0.009003286245899461
ck_856ea65fa27d06dd,0.01690750446196733
ck_55d0c7012d7ef236,0.03356654896632291
ck_9bedf54df9418e4a,0.0072767973159288644
ck_00f9ca84d1d8ae7a,0.002808847986698558
ck_420d1a9c604293ce,0.010601413217665522
ck_9874ad160efddf50,0.002082487066993098
ck_f4f6f0caaab70040,0.005469013393534541
ck_a26704b5b26258b7,0.006834762790916798
ck_edccb5a93b741744,0.004872222357394993
ck_a5f7b6fed6df2aba,0.06376013403101792
ck_ced6b6dcdc7c201a,0.006466483365869951
ck_77549c1a41f837c3,0.007651595051828943
ck_aa5f3ab48c17fed8,0.14685982427537286
ck_2a5a4c18c2c7274b,0.005234925280402593
ck_e05d44e46c7174e6,0.010347648473185684
ck_0084d8ab6b1044f3,0.004396037243613048
ck_42633573639a3f02,0.97493696068394
ck_0fc1086e1c9e04b6,0.005970034933385512
ck_0e6bebf8ae9b9b03,0.019140427856992263
ck_f158d9e5f101bb35,0.008406429148650767
ck_e107537a4cb738f4,0.0024735976972810785
ck_ce1b06623e4a815e,0.0019235240858831877
ck_2f4f94827984c426,0.0013657251973850516
ck_e8ea56e122a5a487,0.05497706882400431
ck_2d7394afd61643d0,0.014811047764179732
ck_8dacf3a2061ca17d,0.009649608713010993
ck_315fb710a0e371e7,0.0006687523652246634
ck_cdd7c77823c2257f,0.13846125644289126
ck_e9287b6d909d731f,0.001214423067590294
ck_d12d2924d0f7a64a,0.006888700504971224
ck_0dda35c0c64c7073,0.9776933138330046
ck_d1ed88ea4211ba4d,0.0036076533021018407
ck_2103399bdb2898a6,0.004434936687980799
ck_1a524b5cc8da71b3,0.06498630438138324
ck_58e5359efc52e0ad,0.004196874737873416
ck_3caec7dd6f8d02c9,0.02705421539918043
ck_3eb73e56751c704d,0.02458726947735313
ck_37d47cf0f34574a2,0.0015970255011215305
ck_66d0c6d6b67a8d58,0.002296454704974944
ck_98149ed45d38c4d3,0.010022576523758122
ck_00480407160e0743,0.006740581944546487
ck_d1ea4bcc407c7d5e,0.004767387438440615
ck_ac2f7397801036ef,0.00680047105506267
ck_799aaf9f2b9ef621,0.006894258651304977
ck_93c4e05699b3b7d0,0.0057491405892815895
ck_66accecabf3901c0,0.005777885841949406
ck_f0c4aac04076a6dc,0.0052853701241164525
ck_e3cb5f31d8e94448,0.9386015975403058
ck_e541967c681cb929,0.06983795382236903
ck_8aec3d3dd51517c2,0.001665974084855065
ck_23edb6d938a3b87b,0.003511709285033205
ck_740e760fdcd27835,0.0016665027926528232
ck_fc40a16adfced018,0.013772775883211099
ck_7f0cd6ea3096f985,0.007893100084307719
ck_347386629d96c664,0.00954836433326564
ck_2366b29ed9887a5e,0.004624671026820033
ck_187317383400491d,0.009785691196291928
ck_dcbab304b55a42c7,0.006548596977953785
ck_ddcac1ab765ff61a,0.03483624919442083
ck_f39cfeb277ef6528,0.000539227282465337
ck_d69455220b21dc9b,0.0037776726558305983
ck_b4703ee97f94d7fb,0.001958177829312414
ck_0e0bab173622db9b,0.12763575017369508
ck_d6fe761ed0db3270,0.015531785892394345
ck_590716322ff147ae,0.02356791115890616
ck_494954023f0eb309,0.01627660050764234
ck_95e444a01e2ab4a5,0.011182625362861617
ck_0f909705e2e60f2f,0.0023176588987545996
ck_6d03a542922b2ae8,0.0064345568451827685
ck_b0ef193195a2138b,0.0021002964510389924
ck_7b1660e942436e12,0.02257524465739165
ck_50ede3eb561a202c,0.018474256680265283
ck_4c4a939154446053,0.0050057530114746
ck_504a45ee08db72b6,0.0032734668125687263
ck_f143641bf3dd0414,0.042397756296473715
ck_b7bd3a7f263f4f29,0.04621733757670767
ck_bd23cf9bba1dd33f,0.012046380388676895
ck_e5f5cb7dd6ce4a37,0.02159299345385355
ck_1658429acd5306ba,0.022933076256675095
ck_db1fa53d588bf99e,0.004333091444281854
ck_edcfa9e1cf29d813,0.03975582379519128
ck_b7c37d410b1646c2,0.022114401871979997
ck_73cab88b29c7845d,0.04098862028154771
ck_f42a43e4c3f34ccd,0.006409344810527368
ck_0d0a1a021efea5b6,0.020850337936774453
ck_f8f6a03613b6dda8,0.012629970985962769
ck_60557f077abc42ca,0.09097011829302068
ck_d75f25184ece2b51,0.021703715580559862
ck_bb1a981306b750ac,0.07324011727648348
ck_7e561caa5fa1f3f1,0.010764280142952545
ck_e424148c6f2223df,0.0035040635224611594
ck_4937cfa6526ea138,0.012118878691506844
ck_a72d6df666e1c21c,0.0067056884991949115
ck_245f5d62ead5ef28,0.006443227738895968
ck_059806c52cebe4f1,0.1230189646454862
ck_547090bf35a3b243,0.005187369160749884
ck_19988702ccd79201,0.010734874719767596
ck_90b4ac695b9c6bf7,0.006525914070075153
ck_66267bbad1f1415f,0.9860712796664458
ck_ff6a6d3547dd2d37,0.014893448203379253
ck_03129b41457795d2,0.012138088771532623
ck_a892252e4e0c2828,0.003493401550125748
ck_b3905153b9eee924,0.005932997135599647
ck_e934f984bad2ff91,0.4247131726042353
ck_8d2afe17c0082e6a,0.04478171773954875
ck_ea9edf9c107d429f,0.0306114847940807
ck_61fff5fdaadd394b,0.006306038726597947
ck_3edaa94d28cd48ea,0.0017081906453856207
ck_f66f06e24ff32671,0.026610351784708452
ck_7cf562578c7f158a,0.010334945991205597
ck_66949171b387bb93,0.03216561853731464
ck_87d70f5fe48a6128,0.022824614568726476
ck_3ad3fd3cceb56b66,0.966330963905433
ck_d229dfa0e4442628,0.001449499164447573
ck_4732da7e0d2dfc7c,0.005628830586527469
ck_2209de229b4c71c5,0.02452440515348343
ck_4ed711fe4053e74d,0.13091826788832522
ck_c78b2638fadd91ab,0.033782765950371926
ck_8bb6b0a292754576,0.3700699565211083
ck_0b615ed566da1f58,0.007889033421119527
ck_d2b3ce1ebabe9f93,0.03354523274214814
ck_d3b2b250da61db19,0.9220731107919209
ck_4ffe0366df388604,0.00894372188701534
ck_d2d4a8f4a9f2c33f,0.0030015031045943458
ck_b378b8d8100ee4b1,0.007229152889418727
ck_20a17e8f206a14c8,0.014663371340392663
ck_9ed53de6ef779ae0,0.0018400565217182967
ck_3f16e2cd7e6874cc,0.007574061499650368
ck_ef33c04f4c9e3758,0.01790620238175247
ck_8fd91a3c99e19097,0.02156342392270315
ck_0c6e7bd357e4a348,0.002462076633068731
ck_95654593cdebd141,0.001063258997722448
ck_9822f8ed05335741,0.018612058545374097
ck_11c7667920541587,0.003239247884402683
ck_ec3715add8bbb6e9,0.007238673746905464
ck_f09f9d0e0886e0c6,0.009340151596283095
ck_12107dacc6d05bd1,0.0007106032430670998
ck_23a016cf6b98d89c,0.028777562490695113
ck_0e719b3a6906b8f1,0.0005990249464960783
ck_7137eeb394d200f1,0.017154082206697296
ck_8026e017909aaa6c,0.0062838511551343455
ck_ce36b0c287bd198e,0.04613731086238384
ck_926b81c0ba528eee,0.004102289306263866
ck_6b93bd8abf87b1d6,0.7741403236662413
ck_73762038c7ff2f6f,0.0011197434687306351
ck_abd10fbcbaf2b038,0.0075021776234901055
ck_7ebc5fa7f0d3b8f2,0.01362407751317819
ck_fe33eb743d714c03,0.008790401475977948
ck_17cc7b411f448e66,0.007213907506161021
ck_5debd55f361b2ddf,0.007942680564155346
ck_350bf14e90b503f5,0.009889075834306186
ck_469c17407d17b706,0.025810135251082264
ck_004de16f7d8a42ae,0.013214458100236678
ck_27fd85b1e38b675a,0.0014134530828390293
ck_05f79ddd8eefaa56,0.006141880024958122
ck_3a57a13ce032a6fe,0.002191839755902573
ck_c965fd6bec0f0ecd,0.01701142224150432
ck_a721f0d635fad68a,0.005561584708978524
ck_c29489366c01fe65,0.935119765964571
ck_781b8288e54ba8f8,0.15921439348805783
ck_c9eb4df91ff07f2c,0.028330251352631404
ck_8a5a57858e8c77f3,0.0096720638111299
ck_76d010aa02eb477a,0.0002455423776902135
ck_7a50abd42298133b,0.00494898041772265
ck_1d2b80ab6c4944b9,0.009885086151213883
ck_4e39e3b165edab58,0.8953856020654923
ck_e0ccfa0d689339be,0.0036687161848745114
ck_89790ff26c844bc6,0.00484431583995236
ck_94e8142728e44380,0.030548723278004217
ck_e3a22799716df39d,0.01920724401650719
ck_5217b55593a332ca,0.15200774610703094
ck_c1c9d3842d758420,0.16182314059100175
ck_dd34f0a844fb115d,0.0553705259156338
ck_24cd0d779e866287,0.0016497502677950613
ck_59f46321ecf6d306,0.01302480761556259
ck_e7c212f16d6df272,0.007771033716939678
ck_c69ef0f3e7d6acf9,0.026863798298745557
ck_6c1dbee7e8fdd5c8,0.003216261383003667
ck_2ad0ecbacd5acf8e,0.9919255878374926
ck_d67d9dfb60b286b9,0.0013240865318869584
ck_b35d803568f82d9a,0.016248541386754863
ck_af39767cf583905b,0.006583642198427092
ck_4450b55f462ae134,0.0029711425472385747
ck_545b71eb4fa594b5,0.0013073945647500817
ck_c0422e638a9c6046,0.02215248086058449
ck_cd7dcc884e283746,0.008887566832125894
ck_d6ea026357ec6477,0.010155654577721654
ck_e30e17db5473c7b2,0.0015871765389959432
ck_5567779d6ba184eb,0.01997469406380965
ck_fca2798914627dc8,0.09844397494315257
ck_fff9fdc2adf5100b,0.7831717950959391
ck_0c45e54897ab34e2,0.041867476156161834
ck_507a6a580ab55c76,0.028488784832250206
ck_332ad134fb909869,0.0076543792724169885
ck_ca60d61cd4dc3bea,0.00151822615850591
ck_59735f4ab2ad3da5,0.01122520579389281
ck_ab9ea095a5c58b4b,0.009831622792614673
ck_ca0cc8ea9f344408,0.010448262096539105
ck_8e139f8925ef7968,0.005640699330474515
ck_9dfb2ae78659240a,0.015081190570897435
ck_90f6f5ced708aa75,0.0009082876232824415
ck_4280c33af57eb4f4,0.0016097562982731544
ck_5ac86682385c86b8,0.008471975081463317
ck_1bfa8abdb22be8f0,0.05983395588440971
ck_65491367584c730c,0.014866465129517172
ck_3d7db96995745472,0.017576729682054204
ck_a1c39df50a5873b3,0.03658765915518309
ck_ff7c26a62bda8089,0.0021911824428314662
ck_09b0d8af304646bd,0.000438795903103039
ck_3c25029e40aa8a84,0.006075861489985671
ck_765aaf42c5088545,0.00898959787883679
ck_e0f845159b6e6a4a,0.010866154624945381
ck_272ae2179bbd8e58,0.004595384433553365
ck_c0ce85fb4109567d,0.03969376508112243
ck_515379973a8044b8,0.0022588745821463295
ck_b5c3075c811a2216,0.014651568027153642
ck_713159c5c6a7a4d0,0.9972187625426788
ck_5b3ba20c8bb1383b,0.009856873829611276
ck_67cdcdda3033842d,0.05297863785000148
ck_647ac26c5900f082,0.004885107843743879
ck_46d51648c1bf80e5,0.5148640421260419
ck_40b4e264d1a12b83,0.9837527798272319
ck_620d7ae27af83cea,0.004990736355321853
ck_b9e5b318ee4de68d,0.002460004173073921
ck_cd691e3466fb3742,0.005011815328818317
ck_7190177963eafdd9,0.012962584991213064
ck_362ce13eec1e33a0,0.006674305312536629
ck_646e270e0195bf05,0.0066468354599125085
ck_472e0be7a3b533bb,0.014381014587689023
ck_0dae4a7eb587f3ba,0.014229661005236748
ck_e6e7257377c37b28,0.03968069788167181
ck_b7f5d10b427346ad,0.0044757318715146245
ck_3365a0ad1a8aa83c,0.0030095964701522347
ck_7a43ef9c7b1c67b5,0.00198724136834412
ck_7456df89f3792235,0.0037669125107951413
ck_5014a3b07e1f049f,0.5413373196190223
ck_9b12fb56529ebc4e,0.010827768932868747
ck_002eb6552b504ea1,0.007679941775415113
ck_170f4688e0acd875,0.13105578804333265
ck_ccc83cf66365357b,0.04491562339654051
ck_4719112b55d20161,0.00995238060031102
ck_a02aeec1914c158a,0.017032777861077944
ck_ad4a4daa826ac68b,0.0670175487973805
ck_0d40961e47797027,0.0008055388146950129
ck_114c32aad4b6183f,0.035573057098209224
ck_6ee939b7f396975f,0.00648753852858112
ck_202f0c14b07ace01,0.06454295165023054
ck_09fd43f1b7e2eca2,0.0020465193108384753
ck_189b6fbe9b9192e7,0.020990871458630007
ck_1383b2b1875000f2,0.008295155618240594
ck_00bd7803f2530c68,0.005428230498116149
ck_4085cd3bf2661518,0.008031687208557892
ck_79323eb5d2e5efae,0.002242968708857879
ck_7d1661a34164406e,0.993452065827383
ck_ec30b61cbf517db8,0.0020966014756649705
ck_ef346071f0b7654b,0.01415348654932195
ck_4c2f2eb657c2c60e,0.003405229467570321
ck_832d39c590a3ca75,0.8533091192940395
ck_7cc5e0fa3ca5a713,0.0012976038268426718
ck_08b4619490e751a8,0.9645859531618368
ck_e0b3158111370118,0.010150899304606812
ck_2685f38930866af0,0.03275859271607641
ck_cd6fbd4e8724f994,0.023084736849754532
ck_33160c443d4b3f19,0.013552880798592544
ck_2a2c336a69b8d68d,0.0914650762185605
ck_805ee564bd35ef15,0.03447941579863194
ck_08a0355d1f1890ef,0.004634662566994234
ck_15fe2a47fa7e92ea,0.001790085975946792
ck_85ca825f905a34a1,0.02337838813028548
ck_b6527a85fd682554,0.016790910490768172
ck_9dfaca4c7c80b10d,0.12405685367346737
ck_ffb4d892c5158201,0.002126864762750955
ck_a544e766540861fc,0.008738585030585696
ck_354909fecf5da8cf,0.007327617425800735
ck_fc5ea49518e5d637,0.0023345719075630027
ck_7c12de74de30b788,0.3352451238019414
ck_7f9a748110d70005,0.0036547958574191537
ck_732f725747393ec8,0.020338374793555283
ck_2452a30397dfc54c,0.012690216202683855
ck_08fb463e69f647c8,0.99561172382776
ck_49df70f908dfd069,0.037319482321690314
ck_7af748a23775bd54,0.10197495458799749
ck_5010ffb1c94187b5,0.0013971172160545684
ck_68250033717cd59e,0.005510597692523429
ck_83dde7da2bf647ac,0.000988167522848727
ck_8bbb625384edebd7,0.0010404442172324258
ck_5eaeb87bf6207406,0.9272118309376487
ck_0a7adc2f27f98510,0.03899032732578031
ck_c3719a30414bbb4d,0.003326435508567356
ck_580f136ced341298,0.0017524817136951574
ck_70d69e5d1bb99e85,0.032574092012166364
ck_c3476080516db25d,0.007910393989204983
ck_d4e0b2a12fcfc35e,0.002826634910577548
ck_2ca91214c357c072,0.15663153720925585
ck_c3ba7534cefc1de8,0.005191112227784674
ck_e967ff05514b697b,0.031986156836734364
ck_2d3d7d64a6f443f8,0.01344553476716931
ck_9ccc030ba2de9fb2,0.03023839872980413
ck_387e5a7f163c7837,0.015222270395826281
ck_d51df5e9fbbbcc94,0.07038996297680883
ck_15254db133b28371,0.01643360597647383
ck_5ac959cbcc5e98f3,0.002416400085854618
ck_619842688294dabc,0.004300297074140854
ck_179ed66cdfc1ce27,0.0058956830924507255
ck_3a70b4ee59084715,0.00681163542049933
ck_c1dd3feb9a0b6471,0.008511596322519013
ck_235ce9603c7dccbf,0.020393660073012687
ck_edf1096809e83ef8,0.004511182790980689
ck_83c2c34add971d76,0.001545302903080471
ck_0a4e191cd0a57ce1,0.0015417080826911128
ck_472c81a144f4631b,0.0029786957343737584
ck_81818169208a8cda,0.034491036306805015
ck_06aee5a62a67a84c,0.13771095658237306
ck_754cd7b4a5ae3f94,0.014259775186846157
ck_3428910b44b9d08f,0.0237155596679354
ck_a9d2bb4f2bde7052,0.0019572158335565467
ck_6482ed4491bedcaf,0.0047875924675709215
ck_966d4d713cbc7792,0.002699423210023754
ck_1c8c969667cbaab2,0.6406155008128428
ck_94295287a04c85d2,0.1874840830730355
ck_466103ec5bd9444b,0.012117055787397569
ck_3c0031d7514da17b,0.02205768544348897
ck_9757163e25262b74,0.018267459872379495
ck_c8ad3f01319c065e,0.03877854302769265
ck_d35e3aa9ef5d405e,0.10478311604727474
ck_3397c7856b4669a5,0.0038850638573404536
ck_1745847cd4e5dc83,0.022443913411119672
ck_4b84357ae8ec7777,0.006933402590590136
ck_bd771efb4a7e15d0,0.0037272198307489483
ck_764d40f865e710af,0.007683667731227528
ck_021c6a4a7e3f1f0e,0.000890625068314969
ck_123d75ffb75b606d,0.006455534377983228
ck_b48cd8593533fc1d,0.8184299281984463
ck_c7b17f7b24bef5d7,0.01801532019382153
ck_b11e22e75d9b99de,0.0007167129645643927
ck_c7550723b90e5615,0.0033050128341065316
ck_4dfd8947f540eb24,0.005415606381153804
ck_731943c682c9394e,0.023903666203909307
ck_7db098a17374bbf8,0.9793010005696337
ck_7f3132d6be389657,0.04168534264165916
ck_95458880a54df0b1,0.14733160699282524
ck_4c6ea04ce8ca9e2c,0.006141932162170287
ck_8777beb11aabd66d,0.009746411147251966
ck_60c3d8306527a08d,0.001790173134557199
ck_cf8ecabbc61d3e11,0.0314116188062379
ck_5189a302cfa7cefd,0.0005980032932108764
ck_77f293d44b4a3d2e,0.029454525415901954
ck_bed50fc64fbbf8ec,0.004725109581804968
ck_929bcae878a3ecb3,0.4699505280537745
ck_f7c6c26ef3c4ae06,0.005376265172301412
ck_59a9e000fa275e1f,0.011857902501434207
ck_3ed9e081959b2f5c,0.009948166962238523
ck_57f17254e2688637,0.026240144432951203
ck_52dec82e9cf6135a,0.015685861166907063
ck_d91ab840848a54fc,0.001671205756509978
ck_c886adec7bac250a,0.035488058610588076
ck_63d4f5076fe4406e,0.0011725118289556717
ck_ac0ea27e692acdc9,0.012877005658790847
ck_ba845332b730b596,0.0017773655130490047
ck_7e9a8924eab779e6,0.9964726814974301
ck_38abb60995114f8f,0.03469137514671926
ck_323b9cc5c49f8ea0,0.04188955236023912
ck_c530235393360e3b,0.005115981138360725
ck_1355db6f4010232a,0.008039212023984294
ck_1cec1ed1512a2d3d,0.001470904059243688
ck_5c0fe988b8aa7fcb,0.10901314385462048
ck_79e202f06d8dfe42,0.034305669503489476
ck_e137400825a1e3e6,0.003556879909024108
ck_fefc49a2b8ad993e,0.0031157186789227006
ck_7510b1023cd08531,0.006117323149491052
ck_b95fbf2b5640aa82,0.007226582937469188
ck_f4536ba8dd2d551d,0.007883092908975637
ck_9dde2c63acda3ba3,0.01909058897457818
ck_59472d17debedafc,0.01039589507272494
ck_b0fa8b84e94d8ae0,0.002426549856924907
ck_5b52ee0a13c71590,0.0017948281128759827
ck_ad3c4be96599554a,0.0026025097741901445
ck_458531c22ec2f9b3,0.005785467559078114
ck_b379c198d6db2d62,0.011853596031340431
ck_ed9c56fdb9f45ddc,0.32387572131147135
ck_b3ab3c210e2c7c19,0.0247181316384805
ck_98b34f2d704c1c2a,0.014796568537727015
ck_6def9d0429e4ed4b,0.011423603213921074
ck_ac68d707006c12a8,0.004560814169182173
ck_829cbf5ccda481ae,0.002543892450877071
ck_43ea894480567274,0.03363375871986844
ck_5e36042cfad96c99,0.2193005815947945
ck_891eaedae139828e,0.0060244635991443885
ck_68ba25dc3385fea1,0.019148883151061755
ck_4a522ca2dc4831a0,0.0004170477831753886
ck_a152165caf295b51,0.005881486872790892
ck_31c54d540b128843,0.0040076950248851256
ck_cc447fcc24a0772b,0.3644461754547365
ck_8a16eb584093b12f,0.0020395874606527345
ck_259271c70f3fbcbe,0.04802234439032784
ck_bd86132499defcd0,0.007819230722630955
ck_7a4e3d553e8ab5b7,0.3065947140978717
ck_8ee08f6777cc155b,0.023128919012696
ck_604c710141327a81,0.0015025007296581858
ck_3f1287e6c27de0dc,0.0185190741993922
ck_ae91b4cff57fb3bf,0.02490902164918163
ck_8d5fa65717d2e0c6,0.0219289962139393
ck_c0b744eb9e7d4eb7,0.016846314635883545
ck_90114c891239d821,0.005836005660980063
ck_85de63d278f0fbae,0.0025446260664742865
ck_3d41faeb96802f68,0.0026492678140895205
ck_2cd21137a07fdd7d,0.0029309702646679106
ck_168e7ea341a36b80,0.0025498397779481993
ck_db23a0e3e54be60c,0.6207049670401164
ck_a958b2461ffc21a2,0.1342720104045162
ck_0b3c3bea0e0ed339,0.005688494355045393
ck_be5df076b8a86409,0.0016756925167997151
ck_2d1548f1ee405cc9,0.028987837274480375
ck_7176bbc97b1e42a1,0.0013317313595467403
ck_ad9e2088a33c8c72,0.0009284047444641449
ck_324b9939d9c1c31e,0.0012220793510281014
ck_dfc8f5c141fd7c63,0.011543452405603479
ck_16fc77b2bcf5ec03,0.9706904782592215
ck_4f521611ae14ae66,0.0032729802947283975
ck_a7fcf7b592f68ca1,0.01880993068999191
ck_8311cb6755b2016c,0.0028146718905939535
ck_724085c3452d4693,0.32157447924620347
ck_a0db4ccca08030c3,0.8217024377186286
ck_de39c1947fb675ee,0.020142169501838735
ck_96a9221a87be93c3,0.10135213095822374
ck_98217aeafa0bfefd,0.01582547469223388
ck_f4a7ac178fd55f0e,0.0033316825237204974
ck_5d818522cbfe2a54,0.029231459531701733
ck_874eca6776b34dec,0.0015738662755830134
ck_7262b4e0c29c942d,0.00816713128502674
ck_20cd2f5666719baa,0.0011072420170487615
ck_d7ad9921a4d25926,0.014629513050400124
ck_d56ee1654378ffc7,0.009786468130705444
ck_2c7667f64edec2b5,0.0020406344773036744
ck_78730527f8ba1438,0.1208439668458271
ck_794ba5921cef50c9,0.02809163922312256
ck_b8cdd6d6dccc4554,0.0011380415897506877
ck_12cbb211ebd2b437,0.033153266725113914
ck_85cb5033fca7c846,0.04483662946236986
ck_1e51199a075ca0fa,0.002133325180626501
ck_e0f3ea3373dfc4aa,0.05320438309424762
ck_40799e129fcf42c5,0.13042972984401713
ck_5d4ed73b9efd7d11,0.011623658763951012
ck_243b1b9fdd3f9a74,0.0012420570689106968
ck_9d64187c0800f84e,0.009175212808863645
ck_01eb24c18ad11fca,0.09897663974098979
ck_a0e46b67e986ab56,0.012080026616903349
ck_cff18e2d8c520272,0.004174506852759583
ck_6a27c44b691dbfac,0.005394132425007967
ck_e6ffd0754ac08661,0.0016751244911031463
ck_a7acd5b015823793,0.01045765220038003
ck_c3f360c2d0ea0a37,0.010791949213724488
ck_38da3bf629458682,0.004642657754804821
ck_9a0b605e9c3220c4,0.006336111201541957
ck_e980d325b8dbb8dd,0.0026838299767740917
ck_75b69034000ca7bb,0.020796307240331078
ck_d451d24c780b5884,0.0037720810190630203
ck_2e824b0b27494a17,0.06507918055285308
ck_23caafc2cd34242c,0.004277418825027213
ck_ffe2aa26f597e552,0.004262297522692311
ck_eed7f1f7548df15b,0.00681046005176769
ck_eeb75f8a6439f65e,0.019489427590305978
ck_2e481d75d110c06d,0.07616361594758514
ck_192579ecdca7ff83,0.005204522928655293
ck_869b1878d09d230d,0.123071025162074
ck_323a71f9452d21cb,0.4815682501087654
ck_5e68ea2c5e893cf0,0.025046142486956715
ck_be52a7ec43241ba4,0.03456367009643565
ck_77b56c49cfdb1d81,0.07925648424838126
ck_15e0b679931f7a8d,0.005873970997693666
ck_93776b0c113f41f0,0.09454427439976466
ck_1f2760764afa45e8,0.0034294760466955306
ck_3fa1a523d77cd619,0.0076529675025057975
ck_0e13c4f73818149b,0.010495855630754234
ck_59be61b53d971611,0.005772665585792061
ck_87eb43e3b9d96169,0.08485640851143259
ck_9b7167da0920c37b,0.03983576494866126
ck_6cd8e0196365c474,0.016738469354990126
ck_9951bd806c13c7fd,0.015489153739209036
ck_c6d2e11a368184e6,0.0030976996206587486
ck_c646cdead6fb79d0,0.021460002537610347
ck_abaf371ec8249c4a,0.0644742692801725
ck_ccb3767c239018c1,0.00220687472295356
ck_e5d1462846154a75,0.029721663453841633
ck_939fede90473e412,0.0017618554435769522
ck_bc89644ae3688995,0.006194593746560973
ck_71c917295020ccc7,0.006142374960178332
ck_1d58f6caaa4d012c,0.012297381309397481
ck_609c249edd88c565,0.004053587665092126
ck_b1496c474c4a3239,0.0009926596393460367
ck_00a07fc2a9183c3a,0.0009949489607784022
ck_2122f201e65f76ee,0.006553324180773997
ck_a5051eafe8b51224,0.00961342413141872
ck_129e39ddfde92eeb,0.0012630169511226154
ck_102db9615e722c9e,0.01932095731349937
ck_b6a2bdb2d335e1d0,0.9947736058626235
ck_c4cca8278bdad9b9,0.0007381316238483394
ck_212525e2828a6c45,0.005785402928654773
ck_84ad096a46e1a960,0.021370688293043078
ck_1294f7af22fade11,0.11070060270116737
ck_0d33977c3de8cfaf,0.9979121189830507
ck_5c47b49c26cce286,0.04496300779554567
ck_f558fe02bb0219b8,0.012894981074855642
ck_c09c914e416edd08,0.026589434069461848
ck_f8b3cdffef535330,0.0732719813365385
ck_46a8db16ad00b749,0.014414911014594307
ck_310f73940fc4cf4f,0.01497503319377196
ck_3d7fa32dfb9fc692,0.06393316009411089
ck_fe8e5a6c880ceb4e,0.006656371617312794
ck_7176d12b18f2cc0e,0.017738225677234792
ck_61d244b2cde483af,0.01079900862656449
ck_3865b7525b910893,0.005727448614494217
ck_efd7b9e22c6317d6,0.01112834217946191
ck_5e418a7c04437b4a,0.02706916783248914
ck_2db3fb565e0211ee,0.0012438444304698848
ck_1071d14c46c92379,0.33588322268207643
ck_1d7cd5dcbcdafd7b,0.27864402898603646
ck_dca9dc465f759db4,0.009464985190874266
ck_0d4dfd93086e7330,0.005971094391487692
ck_16077934338472bf,0.0020373764953870695
ck_5249b223000915ec,0.044309398712336474
ck_125c5a720ecb177a,0.03696000565587758
ck_62337eccb1672737,0.0058679668857652845
ck_13376c59b5bd6943,0.0026868963178067235
ck_399e45e5fe9beaee,0.007887857631431737
ck_946afc2943298d26,0.005561676751595338
ck_a6e8e8f535b1f1d1,0.03175849791364164
ck_7c0fdfbb447cdc04,0.01622013804985708
ck_ce0166addb93bbad,0.0024424120899299955
ck_7d28da4f1dab09ee,0.0597227143889401
ck_0508908697f60ce3,0.2410642612465686
ck_d96eb3cc55f2772f,0.008533225858578542
ck_b4384b6c11766ce7,0.019072899443179987
ck_e5cdbe3aa12c97f6,0.014244655503954725
ck_9f3861940d8d873c,0.050927733547669725
ck_d74a62ab3804a81b,0.0069193549815914305
ck_7cffb189f4f514ec,0.960552946894266
ck_ec8738ec663cd2eb,0.0120559623683989
ck_715966f86d5c913d,0.006507144819539554
ck_6da9c5912e15d9a8,0.008547858796941142
ck_c081e1967dcd811f,0.033941697913976304
ck_f9f93d1d41be1468,0.6733230472045837
ck_583d6ca78c97d91e,0.40472474204692244
ck_533c4f7400d5ab22,0.2594395359070089
ck_80c0a7f54ff4895d,0.002673975373967785
ck_a60d6b324bae0330,0.010656486425060722
ck_4eb1c12f7d092bac,0.0005286540102949681
ck_5a9d5f9901e37e31,0.0070559316388331865
ck_5ee32bc6bb5d1d4c,0.07556888264092405
ck_4684fdd61c6a0fac,0.00392770576159655
ck_510bfbbee37ff436,0.012466816982516326
ck_a964e6b5d8415334,0.33618083611904725
ck_1b708e2a4a0584dd,0.013972557171410629
ck_2369689bd795ee10,0.005994618808549984
ck_e9dcf535f8c289eb,0.045964602323539466
ck_09748dfe4df3d540,0.0022256606141075716
ck_2ce5afbc014763b8,0.046369434830667515
ck_132c16312f37810f,0.009463603150311023
ck_010264ae04f2e902,0.13752113427279106
ck_fec0ff92fd622253,0.004318188717100104
ck_6343e0d3b1c2962b,0.011203841708649685
ck_be51f4e5e6b85768,0.04686589210281921
ck_f2bdcfb4203ffdee,0.02260660270022666
ck_9720a472a3e0140c,0.0022424328805670914
ck_9aafc33fba1474cb,0.003870404001399388
ck_5403c76fe68a08ba,0.497468566370823
ck_6e606f73a1094afd,0.005331709996475342
ck_ca9d86f65cfdf018,0.0035218898290987027
ck_b9f6040eebd1605f,0.027516006600808524
ck_b447badc9138987d,0.0009770087263801905
ck_7fc513033af061af,0.11889918397547619
ck_01c631b38e8a9535,0.01130125054050292
ck_30753ffe481a1b8c,0.7443055195938226
ck_9129c92c12e0c8b4,0.0017091637562924636
ck_c401a26725b17177,0.0014765999337509697
ck_117d78ccd5820f36,0.010528075149046004
ck_b5777605668bfca1,0.002975020837193625
ck_0e5385c70c6de025,0.00599127107871615
ck_6a0f8f8fa4a3c2bc,0.010296462138322937
ck_1c65e8d5be3b9c60,0.13032518687902023
ck_432cc19c7eeaa46e,0.020030341168626235
ck_ec7406cb5cbc8f10,0.007239331220069551
ck_18eb1f9181f95df4,0.002317066282827362
ck_b837c7dac2a9b931,0.015476592683752049
ck_acb84dc2351eeb76,0.0037362019810145107
ck_812cb3a4482cc618,0.010457613480238517
ck_1436f6e11d4008f9,0.012023659065463573
ck_cb83b9f806e90dc6,0.36436070380705704
ck_60ac5e5f375daa38,0.006725793816285697
ck_a7e669cf1c3985aa,0.014479237161082101
ck_675c0ca1ebb1051c,0.0010435705363774684
ck_398f3f4cf05c721b,0.0066366259537174056
ck_3364a1d9261b3638,0.0025703020021240705
ck_8dbf61df902a6bbc,0.0013121970388706094
ck_25e551a0a8d2fcc2,0.011289303946739014
ck_7831ca5c31fb3859,0.03656974135967775
ck_7989376f8cf64a9d,0.004369336711184219
ck_0027ba644f9ae2cd,0.18786351711486676
ck_02a9104419a6dbaf,0.006604355736789227
ck_f97c477986043755,0.0018548056985097383
ck_4b68b38c1b3326a3,0.006500489722498341
ck_190bc849e5ff5401,0.02379194218002757
ck_a0e96fed380440b2,0.002496987518326768
ck_bd25ea782e375b22,0.023778107265673414
ck_50ed8f4e7ae6710f,0.005284432690531007
ck_86a2d852a9715432,0.033582371947808595
ck_5954f45a2ab45f43,0.04485188635345728
ck_5fc65c24e0736d5d,0.7513258754534561
ck_51d842e6dae74c71,0.0009559866238215334
ck_b05c4d33c4f43639,0.05435266592206509
ck_538fdbbb3c2bcbbb,0.01858448883115292
ck_735f244b99e3aa8d,0.01551240330380782
ck_5a4eb535c9a11993,0.007656747514517695
ck_706a4f673a9fda3b,0.5985069479048991
ck_b92b11d205af91eb,0.0010706659896993198
ck_84569a8fc50e73ac,0.012205239277105807
ck_a5ecbefa849ae569,0.01150891024348518
ck_40bc6de252865f32,0.002735718826829633
ck_4666232ddbf77756,0.004800792759341867
ck_aa0b083e2a6813eb,0.012608998264868488
ck_634276b05f4381f8,0.003178639159726997
ck_fbff7b5da8111567,0.0035353063789156395
ck_c00e70606904539a,0.0026383124121573064
ck_0e808afe2570ecac,0.022461049177202656
ck_b1495ee5c59a6b28,0.012128273726932658
ck_724e459b9ece38f4,0.0362234235606153
ck_3c08546dd0c92863,0.01269148882858591
ck_aa9b28e7fc43af79,0.6092555275370144
ck_f2f3cf9cd23b2809,0.027455440744376856
ck_19660cec756632ca,0.00827476382332387
ck_221b5d40358230f4,0.012222341141212513
ck_dcbe6814fc4ca0b4,0.04296429262152996
ck_5f0be7b468a72333,0.006437818997685697
ck_49685deb63e4e8f8,0.0042484800303821775
ck_032880f1114dd51c,0.023813433215819687
ck_238e53b6dee8c301,0.004754305942179515
ck_7c7ca54969eed187,0.032582206115049986
ck_a6c740041faf0bd5,0.00458428716846388
ck_2455d43bbdd2bb69,0.007800657453050684
ck_6c54adce174f45f4,0.0037078891782920693
ck_192bbfd0d5720134,0.005963163645274587
ck_85e5494ec20383ae,0.01487469982406792
ck_479a065d5903e9c3,0.0034380666987308345
ck_408efac1d3885ff8,0.0924580269276096
ck_f7e958a286ae3b57,0.0060912900072595125
ck_8dd44eead7d765a5,0.009978222651852081
ck_2c4d25acbe3fabd9,0.03403844957709292
ck_621c9ddde6bf2eca,0.015573628962513774
ck_2df4854186ec515b,0.01721689486719341
ck_a15fe7d0f4b65c33,0.4140466732854895
ck_73b729cb161487f2,0.007064272351105391
ck_053746067839696b,0.013634175732721545
ck_0576b00d728bdf19,0.053721932724318466
ck_daaa995f3c2f0e47,0.017903265382119574
ck_a777c813551281fe,0.018026180685380262
ck_c4de808ae69c771f,0.0020987479164438013
ck_1d3e561a7d20be0a,0.9843481479479684
ck_4cc11c7d3ca61f73,0.0024061083521637323
ck_fd78f8a8663646d7,0.0029738296455262317
ck_3b150afde386ecff,0.011778909981066833
ck_9fb11688dcfe1513,0.005066274980159622
ck_924e572517515f19,0.5120144068146782
ck_eda55c8fb47593d7,0.005095980924232605
ck_e066f71f8b296b7a,0.010068362728732535
ck_32430e678c4f9f53,0.003707861375771281
ck_7484c214c889fe7f,0.016198538757531213
ck_7bf668e25abeeb05,0.00419132496053936
ck_3925f8565abb7fe4,0.005999654529179192
ck_933789b55361d7c1,0.9465798600138935
ck_04212a9bb9b28696,0.9986638551377964
ck_f04938570a154de3,0.005749172440152645
ck_4ac918e884cff336,0.01956733246432998
ck_666b95e75d99ec4e,0.5752053041351681
ck_9b665ef46d785324,0.00186204338065552
ck_de056e37c82e8e00,0.012486732727355681
ck_618c4e5cfae99dcd,0.07066523548929814
ck_3b74512f774a6e5a,0.0054018087893914135
ck_1ad36046aaeb816c,0.005979639743033605
ck_2df5a9fc87553eb1,0.0034401610601570687
ck_b367449195e36499,0.0076475641340985
ck_1242aa4496576a99,0.006154386940577844
ck_133d8a1ac7c0e301,0.993463413547074
ck_b804e784cde9af8b,0.00616136047035073
ck_4b3506b624e5193c,0.036887882493032986
ck_475ea9aa6d3898b7,0.04432008679130796
ck_337b24a474010abb,0.9960638678259363
ck_749e0e50c3907be8,0.0023076112879340705
ck_d1157eade2ac3975,0.006576200225130182
ck_c2dccbc1b24b137b,0.026479113745013334
ck_af02e1817cfa40b5,0.037819315614273735
ck_e9a2495dea8675e2,0.012140880923771998
ck_1df4a1781a0f6999,0.01481368262167048
ck_f85155ca5c312c7b,0.015723756213221262
ck_ff090498c4b17ac3,0.0055058086279338924
ck_17673a1c2867888a,0.0010126464102247616
ck_cfc2384f22954830,0.035190705273804586
ck_bd2cdd53fca26171,0.005326270259329947
ck_ec1c902b9b9b9c5f,0.20437367608321508
ck_317360ec0a67d27e,0.14930211224410272
ck_3e3ea5d8c4a229dc,0.02431472686420363
ck_546ad962d04b7de4,0.9362381598536638
ck_82f07504ab59ed33,0.02596357245824489
ck_382ebf136f7fa337,0.11773949095521008
ck_ed471e496916ee15,0.0030558672322800315
ck_0ec820b670d48098,0.0019328872090523931
ck_0b20bfc515ba42a2,0.011501149797634624
ck_42341cf31c08c981,0.041728113490747926
ck_42dcf92e9e016922,0.1037402204652828
ck_424c254249a109f0,0.035271187417424056
ck_ba576d6d4cb6130b,0.2015100183435351
ck_529fc3170fd11abd,0.019162583701161775
ck_be48f583f79427f7,0.024695218198797806
ck_94fff69584dd3b2a,0.011230328879386861
ck_6babe5b8674ff51f,0.0031714785281405063
ck_7e826e233d6ea028,0.0034065134432400726
ck_d55eb81a4d543c59,0.009349103977018451
ck_12e2b5ebfe8986b2,0.003368695014103645
ck_206f8e3cd72768f3,0.06640435117670203
ck_a2d7a563f520b7ea,0.005832683636554254
ck_47cad6c3def4c9e4,0.0011783841762242808
ck_46bc797b4d07d607,0.0013176818334826442
ck_bda299466bb2136e,0.013339409769304329
ck_77fce5f86f00b8f4,0.19658517303651157
ck_25822068c86c856f,0.0006960139220831938
ck_9191579254663f5d,0.003672459183859308
ck_311d395fa9b8550a,0.005567978610244044
ck_31e7742f160980ef,0.018467123329266245
ck_f3dcd818db92de7b,0.010890901741113306
ck_150a1108f936e6b0,0.00733142787378444
ck_4c37586080edb7fd,0.0005749387452518217
ck_6f8ae0319c07cafe,0.002831779865337094
ck_fb2a35571ec719d4,0.15254646633877308
ck_e45012f22b7f91d5,0.00346889520628011
ck_70e6bca473bf6902,0.003064209031793758
ck_e7501307c0698e5b,0.015195473141428903
ck_e08e9c8ec5f23d8b,0.010260403593180865
ck_72771757dfb7f7a8,0.009271327128785844
ck_fc418f53ce4aa579,0.9116178079353049
ck_c1ab40638f04cb02,0.00551554379348657
ck_f01be92dc78a2dc7,0.004060523360654429
ck_703703bda38fdcf8,0.007090334756549422
ck_a1c78972e4ee4082,0.05618057794054972
ck_255f0e5888ae9e23,0.04331147795332282
ck_3b66196ccf436c35,0.0031663958026358174
ck_75fcda73f0b43557,0.007936417644917869
ck_d3e208671cf37f91,0.9187790687679707
ck_233397a8bd40d38d,0.0028769546035596776
ck_01e7960c63dca3a4,0.89373358371163
ck_d932f98bf6b83956,0.05568883951068753
ck_abbd1465fc730d78,0.006435283609980685
ck_7890208951df34f0,0.010993494902095972
ck_be5bd81e3715cb8f,0.879295868712098
ck_ead68310311690c8,0.8754582284243503
ck_c2bd5a722aa637d9,0.010794662084168358
ck_197f8058cea1fbea,0.0012897613080855561
ck_ab33fb754c818ae3,0.018811221408641294
ck_95fdc264eac72fa0,0.002474282541788042
ck_02adda6e91e49650,0.008738066061034683
ck_c54643d94d3ce355,0.02680441514069695
ck_9aa45c4e03c8c57a,0.01620003536530713
ck_427b91925952cb40,0.022341924799006672
ck_c4ca1434f3778f1d,0.9978212909567332
ck_89a1a780144d808b,0.0046495275726652525
ck_8bedacc6233c6269,0.00770770188833459
ck_f4f83b1403ebea46,0.012614624717802732
ck_a1fd0ad03ff9b776,0.02918241599422912
ck_c30201ebd003fdc7,0.008537376870542478
ck_9fe9bdce982b312c,0.03575484318111087
ck_09169f22194fd6aa,0.012291384433070747
ck_976fac1bb3dd8c58,0.021993223727649416
ck_bac5233623b25ca4,0.006390213273750105
ck_9f83fa5a2d3b9049,0.005266019461359756
ck_b2a79dd3df560f14,0.04317686194216166
ck_62b9fb3db284941b,0.006754291792279421
ck_aa075c418ed9fe5a,0.02215313059946618
ck_c6abd5d57b1009d2,0.0012902866425175562
ck_0734fd90b2cabd43,0.012683881958128185
ck_bafe82c870356706,0.9851848230553432
ck_e35eb857c61548b2,0.6080387929184135
ck_22b587c18363899a,0.007426560561213124
ck_aa295a11b0a6ab36,0.004854071384571125
ck_d839798f9520363e,0.03742897905226753
ck_8049f5fce32be185,0.8571179216740971
ck_e2ab04136a442a98,0.0055237026400364
ck_c9d72140b0389216,0.020602259030539763
ck_f234ab47061ba7c0,0.0008833336715192616
ck_31fc51d5a3dfe16a,0.012150159472908506
ck_f517f06551e69507,0.0015990163810986845
ck_392cf2cdd515c34d,0.006747308172454051
ck_366616a725afc6bd,0.01962451876949946
ck_e18ac29ea62cb435,0.02699755502460401
ck_170c65860e2a7e23,0.020018641588909817
ck_093e3a7134e11d6b,0.00889971327932969
ck_d111c98b36bdb791,0.0028137381693642527
ck_1ebd574406235957,0.007329984636424388
ck_65519d0fb137e0c5,0.00986485053242118
ck_ddc3fc99eaba2064,0.03685543810900557
ck_1be8cb95d6d9bbf8,0.0017834173117950993
ck_242521e261148fba,0.0023131739889934383
ck_110608c3b03d4038,0.49541532352346973
ck_0dd7c5925d28755c,0.004647262642641895
ck_f11be8ce05382cec,0.006475026595937632
ck_129ffae92dc01408,0.000970354301808035
ck_b0b9047dddb1ec84,0.3050199559527345
ck_b4954d16b9749829,0.01930247638127278
ck_66a8325f28be7562,0.0028064679718377357
ck_e1b1e7a7e4a15b3e,0.003575074348937638
ck_658b4b54be09a4bc,0.9945715070637479
ck_77f8c5042065d506,0.010156806339990873
ck_b003e5b54df65db4,0.022609134803136505
ck_ce81ff9b8b35562f,0.010145857776819386
ck_d27b872648b71202,0.0019155155331011418
ck_3acfec10eec32f9c,0.018865193951145626
ck_813e02e1ababd177,0.005820501917911548
ck_ad9a18f58589faa7,0.004596904260099257
ck_62f5cfe22c952694,0.009521372160195945
ck_a46c1773f01f0be7,0.0846195872057769
ck_405b20ef9ad0ba5f,0.07557045480610239
ck_f948e8a8fdd79b4e,0.008201331048198873
ck_81275d9d4c559e6f,0.0027504235825229657
ck_40e84e6ffe788a4c,0.02010235128547446
ck_17733f75ebdea93e,0.0029694914536443477
ck_4a1f0172d3bf4fd3,0.02468313713302554
ck_01ef1036b2e66a4b,0.00813162232084665
ck_084a85145c15ed77,0.008305489292261572
ck_62f46226f244139f,0.018646925561222796
ck_43637d28c7216453,0.004049345624513011
ck_fcdb4fe2f095fba1,0.08735272623109426
ck_9f85fea4490c00cf,0.012250624244097825
ck_83e5979334345622,0.03109230755404664
ck_231ae0329ebc3220,0.004569878726954285
ck_a49a2c1f881a3560,0.0031050152977352215
ck_88ab6d245228c38e,0.0003600590730338531
ck_b62276c3426d680c,0.009297028324829974
ck_def344d68f06d749,0.01255535220339815
ck_8b19bb5b23b6741c,0.06305304983218551
ck_c009c97d5fafbced,0.19839543623607098
ck_9e298cae167f4693,0.001201747774095683
ck_84d62b8196da2452,0.009842713997587828
ck_6f73cdbf9305e2ea,0.004580547267753859
ck_4c1fdd1669c7cf51,0.008129756145714694
ck_744eade757ba69b5,0.0184342537653109
ck_b0fe4b92fc70f72c,0.0043465401007395064
ck_dd1c490050cd9051,0.017218493296811226
ck_17bf38d51115a8f3,0.0066386315796331495
ck_166aa980cc87fa77,0.0838438865795994
ck_f17ed7e0fd687742,0.035086598517837145
ck_26896c494b2768ef,0.004436130883085457
ck_88ef9f85948e1a01,0.003071173600120603
ck_a28d9bb5590d458f,0.09897820879158367
ck_8b8b9de339d75d0b,0.017614435219956114
ck_6715139e240007d9,0.0020945497342350124
ck_139b54e6ccbdd7da,0.04016021542249456
ck_66e81a4190c33510,0.0033935459573017613
ck_4e862c2f48c38aeb,0.013120338310875548
ck_1a3ff7620580a514,0.011811867514939466
ck_f33188c232a03526,0.168598859810449
ck_348c874eaf0354f4,0.053064935132437575
ck_931510e384b1d0cb,0.0044125815802913805
ck_e15252ebd7553422,0.00192470474796772
ck_a3cce46d15cc20a2,0.015440681483593096
ck_0dc1e536231c4860,0.018511864683437934
ck_f92cd37022b0ce21,0.008026321064638433
ck_bb99071e8f58c8a4,0.30573033566364166
ck_06010f0df5b7cef8,0.012609010553008419
ck_ab7cb50407d6b13e,0.040573228110098176
ck_16a06d58d71935bc,0.04744496002715163
ck_68f56f6560a7a933,0.005785150900416238
ck_a019151ca8e7527a,0.02389774434135399
ck_d1b9e5d32d2d789f,0.0054212944294669795
ck_615763afc2e17a7f,0.0015966299114415162
ck_5eff0208c74ec714,0.01410583042745257
ck_7eebd0e6ad6c070e,0.005849818713308218
ck_cd4c63155570d6ea,0.0020696667342746254
ck_c5414d7a8031d4f5,0.002899542143855998
ck_9a88a5a989cb5bc6,0.00580039003221482
ck_541a734fc457246f,0.02184406861263369
ck_861af5a9a9a6d619,0.002004400347734506
ck_2cc1d9b587f6da31,0.13866421024644138
ck_7084ed3cf20781b7,0.03742661643221002
ck_e02f93f51cc8caf3,0.004615149455690572
ck_9a930faade55b8ea,0.003739192539164222
ck_0afa4449f20d5196,0.004947424595349932
ck_4d503c41cf4e5034,0.007673068144703931
ck_6ff0fc7487e737e7,0.251062495278845
ck_b21d8630387cabce,0.005272787763587034
ck_bfd9bfc5b6ab4a54,0.07004166766424001
ck_629537d8b4d0f395,0.013537949733224463
ck_bfb067986660afe3,0.039552001797500756
ck_c1a31690c8573226,0.001470810815436951
ck_94c9a4d382689e82,0.06585930393643159
ck_397c03aa33a57310,0.15063536611633532
ck_4b4a3c5b95c55b43,0.0005637253254836008
ck_40780fc0f8d6f309,0.02021254471403068
ck_72022008a92c9386,0.039174538499263827
ck_0af18b3ce015d294,0.0035775248833722047
ck_a481385c2e60dc4a,0.006550176825118113
ck_e49b5e4f2f2e79db,0.4304215663128037
ck_cb88ef3dc1f42225,0.0017613621757783192
ck_a4e2607b4c8021e8,0.0011233861516654045
ck_8aa8b9968233a1ab,0.005506104171083077
ck_cd32e58e8a1c0e85,0.008083278339526836
ck_69b5620e00ef5dec,0.0013395945186693166
ck_0dbefdac0a1868fb,0.001697716048081946
ck_fdda581aec411010,0.0017505647409748882
ck_35e411b05d22f663,0.006753873048303366
ck_11662cc7940ffc82,0.051081038336780536
ck_4db6d4fd2b49aa81,0.017828029302088284
ck_cd0e76f0e7bb38cc,0.01994267652363945
ck_cf52e46fa54e4540,0.0007593876278340923
ck_337b930fd149a696,0.023804626207941017
ck_86a61d9a39768e87,0.017407286962577567
ck_8424bf65223a5a9e,0.0038887378646923166
ck_9625a64406ea16e3,0.004600171914711029
ck_ed0cc1b1c28f9511,0.05395537259616701
ck_9158bdbb63ee8987,0.003343486184099299
ck_2f241b97c0f8389e,0.008901796995067515
ck_473d6314ea614b29,0.003982912552009957
ck_7443d6dca8cd1352,0.004177928903703073
ck_c6fbdc5ba68a8466,0.004435622165952684
ck_6cb7c97b72d6b5d3,0.009911231983059878
ck_b43f04431c267dea,0.001013157370453968
ck_77b2fb17c29f5e72,0.020960044843980626
ck_b1c51fdafcd80122,0.018939300068702848
ck_819bf3e8231f4081,0.026676845297771607
ck_1dedcb48ac381a1c,0.08261532686608243
ck_888651bfc2c8cf70,0.00735825130506685
ck_af0a6540ea7a36b2,0.0024478801834416125
ck_97e980463aca4644,0.010670767220818726
ck_6faf3e6820398866,0.030627790947114906
ck_d0982b4e0e118e4d,0.024866237976820953
ck_3f5e8f3f1df0c8c7,0.08951207284753965
ck_5d8481e2b38bd99d,0.010760232472960074
ck_569b83668d74042d,0.5016152670133225
ck_f8b6069d7577fde6,0.004388803486193348
ck_837cc7fd48453a01,0.01618867411448135
ck_2973b8274f0bf69b,0.01693959149362368
ck_69bd0b1abea7e1f0,0.49562746131481256
ck_fa0b234481cb57d3,0.022752477601878835
ck_cbeca201dbade3e5,0.032264966483526725
ck_05a00b1dd5a03359,0.0024198507028462654
ck_77c0fb524edb4a94,0.006092887979878701
ck_e64f0df63e1be595,0.013861061628204838
ck_5c7ad6e731b69333,0.37606042038054893
ck_b657ae3c146cb7bd,0.0027519905834698143
ck_7dbe24ba01316775,0.07904109724638095
ck_0e3f80c1553c591b,0.007858927133479077
ck_3edc45db58760d76,0.005194062141348966
ck_24ff97ad90bdd69a,0.03571103464807796
ck_263f6c5ff26b5e98,0.003955187341103403
ck_437afe412ea4259c,0.09557623715432285
ck_ae8c9163cf957d7e,0.029700911110824124
ck_3f8571d4f7420b2a,0.05860013048982007
ck_e6465c56b337e6c2,0.012112908740667285
ck_7dff6abe4bd644dd,0.5578666921879825
ck_27fa694569140345,0.0009884648462721974
ck_cdc55623cb16e6a9,0.004891078478620996
ck_b08b3f089138c901,0.013058957302532124
ck_79da63fc100830b5,0.008059601023612646
ck_4339f86c87289222,0.8349104932581383
ck_38ea56d43afa5660,0.01377940676653256
ck_33ecaa7b892e73df,0.004835203380199192
ck_dba767885bd6ad69,0.005509423311169115
ck_b109ec4c63503030,0.00395928373143651
ck_a7f522382509cef1,0.0023633715770144323
ck_d9143e236eef177f,0.02274328572736146
ck_f790d91e5ff0eccd,0.22910836564993717
ck_064013b0957d87a5,0.9965872591423036
ck_643f549b4ac78a26,0.1790830683519425
ck_a07e7409d6d5aa06,0.015320660239269914
ck_c37f03995f0f0169,0.0008510793061357989
ck_8929d2eb09872052,0.06334549471442001
ck_27f20337bef5ffe0,0.03187632747073847
ck_7c67b73196e3d0d9,0.008408695477733987
ck_e30db36e376606f7,0.11604881659057018
ck_99b4f266b61ae7ee,0.010910773607081647
ck_4072b59388976896,0.0035981473538664074
ck_21c99e1d6b881894,0.001595822470620551
ck_ab2aed614ec1cdf8,0.04433620161869963
ck_a8cac8d480306839,0.0006415684181012883
ck_36d37be780c1291c,0.001488439130779399
ck_7b3cc6cc3f250f39,0.0034902901455913116
ck_b6673bbe61d2680d,0.01128750854843277
ck_c251898b5d51e3b0,0.014420553093151704
ck_69105f881da3c821,0.005195701786516394
ck_adfb8472d5c3d669,0.014564896984184578
ck_4a24ad61d017e1ba,0.026323400642166893
ck_15ccbf8ff7d14086,0.0033927288180549365
ck_c4bcc7cefd40f8e2,0.0010320775858418906
ck_8d5eda29a2cffa3c,0.006194218325031131
ck_df65967b8b40319c,0.0014579117793721687
ck_329f7de7279e74c5,0.004148418374705543
ck_d5b8e74e7ca6355a,0.053783855767401696
ck_faab769cce19879a,0.03777616503528604
ck_9b552204498b6762,0.012373651056212489
ck_c7dd84401e29a7fc,0.0034592687607226586
ck_14436a409ebcc90f,0.008164228991996522
ck_f09165d73ee903b1,0.004315366799504141
ck_3dd542c2d31be2c0,0.006767204492793711
ck_8afc1112c12f5402,0.00408998641511482
ck_4682fad271d47eb0,0.9622673318203726
ck_9bf0d28119fc42c8,0.01596915167106229
ck_4610a073bb54d1b1,0.01173720600830657
ck_f781539b1042dc83,0.0036282521474211953
ck_3199b471575aeb3a,0.0014931665470068064
ck_51d3e8dd7465c015,0.0015677695744314467
ck_bcfb7ffb7cd428bd,0.014071970964463786
ck_8563fed6674afc77,0.009390800847056518
ck_89c8b06aa8c84b2d,0.0400395085955014
ck_9a2fcccb82da663e,0.009753737231476179
ck_e7a3cfb9bf908e80,0.01464545990210327
ck_d99a8b4c820eb46b,0.003925147507861925
ck_ae2ab6be219219aa,0.006036482958855985
ck_a0dab7aa9c4a39a9,0.003696726934948044
ck_604e1b8a8c693aa7,0.003245794440328054
ck_17c4296276448afe,0.01029106145979019
ck_9e9a830785112a73,0.019194297418581033
ck_2bb49dc2388cdc1e,0.007160694795320916
ck_bb303568b6915205,0.036764739470895244
ck_ab1bb02f6b189304,0.09394595506165816
ck_2675e7a008e584a7,0.0639695715723746
ck_9880410fcd10a28e,0.0027695883617132448
ck_e73caa3771ec5e0f,0.004243544355334047
ck_74928f5f91aa12b2,0.07313068290608449
ck_eaebaf4d28400fb8,0.0167198822390646
ck_ec5ea81cf813597c,0.013675254641119168
ck_423ff4ede6a9f066,0.020450998125372457
ck_205c107cec528414,0.6762718109229302
ck_1df66f537496ca59,0.029618408345478752
ck_3646515079e6be55,0.007988591923189169
ck_b2c896beec146477,0.013980213190193217
ck_d80283209c963f11,0.012938753317767141
ck_c4524993ec31dbe5,0.0061536733070539085
ck_9f7807ed64cdb728,0.028711211728932963
ck_8550f229b5eb03ab,0.0030735457253006563
ck_4199342d3aca74e8,0.06617884347349114
ck_3135c019696ee6af,0.9876037082076936
ck_5d01200ba3341462,0.009628788911224175
ck_a54dc042ebb7c766,0.10764031641127891
ck_ca5b1057f8248f73,0.009481155067821021
ck_1f7ee7b23fc6f2f4,0.020354059986058607
ck_92d782bd9ce0d1e3,0.012397882695311477
ck_7b35d218ed0c5a60,0.004151034908418635
ck_eccfd552aa652d3c,0.016817778085149043
ck_9b6ee35e8cd0b11c,0.006113843105077276
ck_d838491d3d4f5ecf,0.004324913317118651
ck_3a34c3ac83cf84b3,0.018127798797958103
ck_c08f622bcd6de6e7,0.019377981142856292
ck_2d634e3f24681c0f,0.022774462671122694
ck_956b5af6d7d86c65,0.6309645568525643
ck_9332bbc7125219a7,0.0021742241574208877
ck_8007824431fa803b,0.002380435956508664
ck_54b087bd873af8b8,0.0038790200389646604
ck_e70418b00cbbbac9,0.026779134678838096
ck_500948a8d4bd8e13,0.016242902713781784
ck_48e84b0cb0b90fa7,0.017137017166378762
ck_1917ef3e6e345549,0.12160679109630203
ck_5c33bb46c1a5945b,0.029688244399755943
ck_b51a58e7f032c9a8,0.03189892659214057
ck_188fdf2be7c92e9d,0.998758694749936
ck_4a103f8254b366f7,0.01109867431336536
ck_4388abce33ecd01b,0.35981205528460414
ck_321e740066fb05c3,0.7020265879702922
ck_c93def7392f0aff5,0.017879744920187433
ck_8582490d6e365a63,0.0076606159355879985
ck_bfa17a0b1760e616,0.0016456850844245863
ck_65a23ac8e44eb901,0.006761799934708602
ck_bcc9cbc9ed8b7c31,0.004709532662512295
ck_6426427efe3228af,0.024320651932188967
ck_eb264d1b180d4b4c,0.10140502010870515
ck_b7af9b2ee0eebbc6,0.030272017135249532
ck_79557434c129ba52,0.006376869421328388
ck_073da541ec3f9d3d,0.00941332323893665
ck_96dff7a09d45f116,0.027235903806411416
ck_8ec86e853ad52828,0.19069384670061004
ck_64f5fba6af67e024,0.009667193234858772
ck_e0fb11fc9dcb34e6,0.006513162683508199
ck_361f535599110201,0.012044786139503756
ck_34b0988a97d96902,0.004735770450780444
ck_337c5684510cf432,0.06397247493463588
ck_258d661e450ac870,0.01477273886590554
ck_6b55ec4e87a5e22c,0.09770774456005792
ck_638df9e8a22dfe0b,0.006799315135607579
ck_e36c8da1bd359960,0.034109622008539994
ck_73188a826b5f499f,0.002376521854577165
ck_286bfd719836e9f3,0.23081615069115805
ck_a209a5f7d172125e,0.006532017555781589
ck_fd0483639811f62e,0.1229441800778309
ck_0d16d9349e4a9e08,0.008946097062081559
ck_fcf5d4a4748cdd53,0.002001509724231959
ck_61e1f7168cd9ff25,0.04371086970722283
ck_b7f4baa2cc82fe61,0.0038573175601246262
ck_437f9ecd2016a1a8,0.0032046383491880085
ck_04219a7ea798db51,0.07817112096070868
ck_644b1c1149eea9e0,0.020356492495951402
ck_bfc82b3c1c9f2897,0.9325993570083844
ck_9cf44eb0237c2429,0.002078420029693915
ck_2106e509d77fdb4a,0.6079735674016705
ck_49a0efb5d4067b6f,0.19553847645006947
ck_82f360df1e9f4eb8,0.06903851175923055
ck_9986c7d781ac6b4e,0.0024200194872299385
ck_c8413898f5f7cb7d,0.056416780004425994
ck_b3fb83f0d772a831,0.012007894911668369
ck_a2299b4f530be0d6,0.30406865312637793
ck_fce0b6855886a0b8,0.013023154019557231
ck_162513e73782929f,0.026348689342574592
ck_3e9e3bba8bd363af,0.001985391475760818
ck_88cd35378075c84f,0.001559014774177633
ck_20541686a94fb71c,0.03465542821142247
ck_fa80da579ea9afc0,0.009805581152369689
ck_7916e53daab36745,0.03522493340178027
ck_121db7ba3be29ee8,0.03373491406199771
ck_01e5986ebb9a78f1,0.02150538519437354
ck_6c26c12071c91ff6,0.00453313416664841
ck_0e6e05c3cc8c8242,0.005915335282587088
ck_7738eb085e5753d6,0.00695860250263127
ck_2bf10be403849c9a,0.00975817688390548
ck_3e6f35e4500d2f2a,0.000728989756714221
ck_7a9f241d5f082567,0.0022438924786276873
ck_247589ff532f7aa8,0.005646283270942037
ck_d1c787c27d50af49,0.04101214119817333
ck_49c98bebd1338879,0.0009031010030948634
ck_9afc3bb849f3a64d,0.011678950120393475
ck_1d40e4fc541abe93,0.35067877520726654
ck_4fd9dc00e1913587,0.985402448240268
ck_c19371047a2d011d,0.0015668567617261981
ck_7d9f73dc7c4f90c3,0.1824081376813469
ck_8c84fcde93a04334,0.11922363596449695
ck_e09c97520eb0533c,0.06189139648759534
ck_a1e13c0d58560340,0.0006244665117989257
ck_cacc2ca410cbe80b,0.008920099455994382
ck_dad5cf32ab9f243f,0.008107964232676153
ck_b2cb9e6610eca967,0.006781561053421989
ck_1da2f69023ca4c13,0.001240855482300175
ck_25122cc0e8b1a662,0.06755611114494808
ck_dfee9de05e3971cf,0.005926392568713301
ck_ca54b32fca7e94cd,0.006510816952729555
ck_384ccecd342a24ad,0.001431894514289254
ck_6abf8302ce052451,0.09264702079804309
ck_6ffa90143838a4a2,0.0029853812226583584
ck_34f9951b0eca1965,0.014795990098884668
ck_9385f5a1eeebefcd,0.032164695053041974
ck_3df8da6f60a89a5b,0.01214747462288724
ck_08ff5bd467226a5f,0.0006946615333407472
ck_6eceeafd56b42576,0.08343707884757683
ck_f744e208183971f8,0.0012156625963051638
ck_7b45ed23304a854b,0.0052567804139732515
ck_f88c79186a082beb,0.004040087708204061
ck_b78d785ca3ef773a,0.009388665205308363
ck_67207e3eecc02d76,0.0177233966023538
ck_7aa8bc018c2b003b,0.003079137312487395
ck_676fa5f6aae5475b,0.03292990427639208
ck_73c18e03e3c7612e,0.004130209170862392
ck_d91d9f8445b9769a,0.603933436041585
ck_f6a4a7ed27fe76fc,0.05460350211291022
ck_8742114f4f0cb22c,0.05241294174269197
ck_5c82444b3b9160ae,0.005988552340030716
ck_2acb54ca20c3af6c,0.03533845944014791
ck_15b93103ccd38609,0.011697802549400307
ck_16541fc15683e21c,0.004747351384914031
ck_039e6d5a330cea1a,0.08656333922381901
ck_d8116c34302021d7,0.001296291189010998
ck_e03a9d8ac94161d5,0.002968163061823486
ck_eeb854318b3a6f0a,0.004288543319916972
ck_e9f228845bf6e28b,0.08900786460817717
ck_203c2a22c0c165ac,0.007514275302246237
ck_5b59e859bed5b40e,0.007611811548051606
ck_7b61717f172f9317,0.9528649065817087
ck_114722e12db90a73,0.013276130222671592
ck_ccc7916b56d42195,0.012531097647087564
ck_2dd147ce6d61749f,0.004379762889462644
ck_9ede51c8434cff6e,0.008806896225496954
ck_88a8b1d442ca3686,0.009806218823918354
ck_36d2be9012f7909e,0.011758612641674302
ck_495d814d6d6d521e,0.00047901101199377213
ck_6f5bb0c930644cae,0.9987110509262351
ck_79749eca42ff1f5f,0.01601713545705588
ck_cebb8aa8c8f62c60,0.007008893641682727
ck_349cc5edda1b8853,0.01707888001556088
ck_85df7b7de9700aba,0.0007374641822784683
ck_e0983999ca26c19e,0.030438705489833986
ck_d879d645d6e44207,0.005610627150087856
ck_a6c02ae50932cd9d,0.0018710422127582295
ck_50176dae5b1b716d,0.0015672871093659242
ck_d6880578428b965e,0.09903435308594465
ck_f51fe59cd445d2cb,0.004609204620797166
ck_8440ef1386c07194,0.005043087526001631
ck_28cb9b03e89263f1,0.0016867582075095998
ck_5ccc1a1c78cb33ee,0.062138376725717905
ck_e04166b0ce66393a,0.0014588018043414296
ck_72ff52c4824072ce,0.011111611280308476
ck_11f85bc705dbe036,0.03135657096915942
ck_89f3e380b0686963,0.030531101634423508
ck_26df74feac7ec51d,0.008423468947837945
ck_a9812ff3c111ea94,0.02654736179456126
ck_bf6fb7e6470e95cb,0.00040671445594672143
ck_cee4e4e1b62bf82f,0.01917227380541991
ck_7c560467daca735f,0.0006260108630540676
ck_f72a5a3b0d6c1177,0.000809431413670715
ck_5fc90b4668ea81bf,0.009827685583278269
ck_c2a5c54ad8d0d297,0.0165383650722323
ck_7508aa554fae6afb,0.11433563177467515
ck_003aa842b7ca1d77,0.28034036488797115
ck_573feefba6bf78bb,0.10908176639642289
ck_83b2b192f41ee2bc,0.24486368927435817
ck_64796b6b2c3c7f06,0.024403957156417543
ck_5fd8924732fe403e,0.27835647706434774
ck_1d96d7fd65f208b2,0.012418962048195831
ck_9d00823bf60388d7,0.028047120058381482
ck_0ee6965e68efc177,0.024908918795162924
ck_337e98c69f6e7886,0.0034031534049182447
ck_b8e8dba20676d87b,0.01633552649212553
ck_f8ac3a0500c0ec62,0.002817010651172632
ck_577c816b41cab002,0.6932928115321538
ck_05c97fc9de11aba6,0.1505244905175271
ck_c82364d87875a1a1,0.011745006189731072
ck_e43e53cc7b8b8e41,0.01177857694946942
ck_d07c5b0321c685ea,0.13543091286680517
ck_16077ac345472e6a,0.008270089267456917
ck_e07fd57565c94c28,0.033841717184430374
ck_a4d6e152b0076964,0.005774955643823984
ck_9929723f65636c7f,0.9975873737027737
ck_d90b1d03ae151f62,0.020237476307509477
ck_a553418f2fba1440,0.011659694656734346
ck_105b0c93573fd5b7,0.15921380185455128
ck_2a01e610348b84f8,0.03059375968090272
ck_df1585c7d72a96e0,0.0018802253977290488
ck_df520a7a6e405889,0.142930892504055
ck_2d9524787cfe1ab3,0.3095361961083464
ck_7f15b50b29dead01,0.01281154259035881
ck_fcb2a559474c3493,0.013282187312483157
ck_e5ca550b39ed45bf,0.33305599233038996
ck_d2ca47180a926ba2,0.009056482351056208
ck_0a93ed76bf36c8b6,0.016167922114939098
ck_406c4442dee45cd1,0.0011031682179724123
ck_56de216eda6b7fa6,0.0016769062514989828
ck_3d56b477fe2370b6,0.05899902735273262
ck_edfe8e90e8f4366e,0.00133740152785209
ck_2096d32f3d497ea1,0.06102357738767204
ck_c18245be844680f3,0.003958184791701104
ck_0253b3e7be021306,0.0014275117849932761
ck_fa5ba9ed9ed6a343,0.022759985932577918
ck_c9c99e5b19aeced8,0.0005708319014056288
ck_14b4bf7be6ac2b61,0.03491120960787263
ck_b7df99aecef385e6,0.08214044333224099
ck_17ab3068fa303682,0.005370892234290485
ck_592a3520d841d11b,0.024177250467586432
ck_094974d75e29fb2f,0.07466301528313048
ck_6cfa71d27fc27f92,0.016710975552583263
ck_f2ddae2eb1cb29b4,0.007520589531521117
ck_1757fcb0e6e3f88e,0.05959629625372249
ck_7afefa349b960a3e,0.013400631162259365
ck_487f7fbc290e4ae2,0.004775921642916384
ck_28dc0de0ae291f37,0.019785614028927038
ck_2c2f080ba185016e,0.04729102261826327
ck_f4a2bb10afa85743,0.0064793990063992425
ck_9ad08fcc183ea1e7,0.002090515449072817
ck_d08e00c842b75176,0.00828719567825422
ck_a3be871ca22ac416,0.006258752200673578
ck_ab70961e7c6695b2,0.0050586638589724155
ck_c6200734c7f9b2f9,0.8929236200708583
ck_d0f470f8078c91df,0.016683297375620156
ck_11c7a58e09e6547b,0.04305460469640604
ck_2e0eedaaf2980c2c,0.004454339123074033
ck_0e2bc3a5afa439d8,0.04253042872089432
ck_c416357d20238a4e,0.026713094414664146
ck_f0c44ee5e3a42e3d,0.02023895246461801
ck_8342e08cc2f9bcb7,0.001569883672852012
ck_93c0cb3dac4891fe,0.0012738813613256484
ck_5c5284c45d9ad8bf,0.02675480757515997
ck_3954b7b0fd1d6614,0.0016719724580348655
ck_eb1ddfc353b4da83,0.0014391671508494916
ck_ae668e4564cd2aa1,0.002763433714535885
ck_d89abbab3d4957aa,0.002257739656710929
ck_364f8203a3e98d36,0.6268357939926521
ck_004fe0daecbe2c1a,0.005942851704926576
ck_a31a64a39a2c4941,0.0030693986217676787
ck_c49f25dfb39909cf,0.07592880573466995
ck_4ab74a6e7450416c,0.0032960212624251754
ck_55f50a9ae2db8ff7,0.002654176430709298
ck_7a86ef4e2beaec38,0.002214148719148487
ck_f67ee7910d532216,0.016329604408141157
ck_21860dd2159dff28,0.0048382558696593945
ck_63560eec94b76d2f,0.010034806220947027
ck_dd78cb6ae2866cc6,0.0058028038616958115
ck_c1f4509c8f5dac5c,0.012210183336634657
ck_b921af37d500e139,0.004453205291803616
ck_e23e50e02cb3904d,0.03330742264329934
ck_80c4e9274cf976b6,0.9948455265271617
ck_4c352dd3e7c81269,0.022124935448497963
ck_1cb6dc67f9a321b5,0.010582377782425411
ck_497ed60723283c0b,0.05361732920450803
ck_db23a5100f338d72,0.0031588673533290393
ck_57658eda1c59bc52,0.0015309254856275753
ck_94410eedfca91304,0.0340802838685188
ck_eee99af3598311b8,0.028188191872468606
ck_832341c98254bd84,0.01897521067976849
ck_094d10439b7b4eac,0.0032203139705613113
ck_2493ee8e7b91d304,0.018711223255100645
ck_254a7c97c36dab8d,0.010871560974167747
ck_f268416945316815,0.006988274748445706
ck_59e77e3a81f1fa0d,0.009253384119640629
ck_614ef655f0685060,0.008020854000286388
ck_04d2ea38ee27770f,0.0025115098836428797
ck_b89c6fa2ad0a12f5,0.009542200955949088
ck_1805fcfc4a9e4ffa,0.9686211770906292
ck_3f5ae4673a9f858e,0.00594082786795858
ck_ba88a244d5f7380f,0.02123110372452378
ck_fc832b0c90c9bdb9,0.9494732008234494
ck_7109923fd7dab20a,0.0063685842124316435
ck_a97b481ade6f7972,0.0142207694877875
ck_f56200205280bddf,0.018347716854833777
ck_754f30ea19df857c,0.05391191705833855
ck_59fd11b3232de9dc,0.9476340659083043
ck_7519260415c2998e,0.012808816907685542
ck_b7f5acf5df1bb13e,0.015480039061326807
ck_46656a23f4456d22,0.6749807207719716
ck_994316fa5a02b319,0.0015808029593285754
ck_ccccb17d2ca6ce94,0.044212479934000855
ck_269f1746f2609ed4,0.003759130365324338
ck_3521243bdac61178,0.005414394625181902
ck_cf920313f6dd28fa,0.013118341636138838
ck_75d2a2715259c4d7,0.09810231660493728
ck_616cc31910f5de50,0.006644065538141915
ck_31e70f2f04b48b88,0.0012938364427599878
ck_76ee10d6e2dba70f,0.05482798327573511
ck_05b2b04e11d9ae9c,0.011673963346053156
ck_8089fe7403c5f537,0.00550365855039909
ck_3209c530c9812e39,0.0038573472950047503
ck_fbf7351958ad9615,0.005200598045456747
ck_0adcb1fffcb0a34b,0.03640796666166714
ck_8f6ca5d3b17eac6e,0.002412591554128901
ck_77a40c7d2f862a32,0.017657057101523058
ck_73de0b49709e5f8c,0.0032464825382373325
ck_e3982142336782df,0.012089883421195874
ck_c6a7bbd0adc4d5f3,0.034104981024164156
ck_fb04ecbaebb774bd,0.006361298513288381
ck_de7259c3741db179,0.008780834350721965
ck_b6f2a2fd232c141b,0.032543742214718105
ck_91fa5032f7aff0f1,0.14972082321693286
ck_c5f8ab515840a0fe,0.01537556223269735
ck_b0f8f5408662337b,0.003605722451376055
ck_eb4f4267e24d042c,0.0034157193521404017
ck_8cd1b68dd74b1375,0.15725553512481225
ck_3398551e81dbf3db,0.023480941733760922
ck_9a881d5433126ada,0.006332924718546196
ck_9fd0be2c018ff5e4,0.011648539143302633
ck_364cde38958b7af3,0.18257957827360366
ck_8c95aeec6a4c75b0,0.008824872758226738
ck_2595669e421299f6,0.05455630537999973
ck_1402d24dd623df72,0.007437912410023305
ck_5c2d43ff841632f9,0.0022814094191890167
ck_791d5392bbd80447,0.01548593679068309
ck_f6e9d14dfb6f3c28,0.043268249761142775
ck_18df83242ff3cdbb,0.0389229836510088
ck_c363d3b050baf3b8,0.01976034593897682
ck_f8540cf3a8b2f8c9,0.023942926950203742
ck_dbc487cb0a6c18da,0.8324894489046423
ck_98831b57c7ca2e4f,0.0016633387451128869
ck_a6c7b8d6e8596d4f,0.052109526085058845
ck_13f2560c6a1ec62f,0.03355583653531221
ck_6c48c58678f64bae,0.000664956399597162
ck_e0346d5081e640e8,0.044462859616177894
ck_0c9e420f97baaa06,0.7887299833986698
ck_da06d97db0b18851,0.0029043124212240236
ck_6e4f31bd108571f0,0.0027572858031563972
ck_120e995d50956bee,0.02177531109173261
ck_cbe525da0b69f18a,0.011464877022735192
ck_b62f3e3185251f71,0.0013398894417910017
ck_1747fcc466f0ae38,0.0006037063752924077
ck_c6afa913168ce8fa,0.004584521921595763
ck_e12a9f7d027e3387,0.0011700600015524427
ck_ddf787359d2b5deb,0.0011587240625014245
ck_e1140be6157bacbe,0.00233665420593112
ck_47d3e8d1dd3fbcef,0.02725003358520918
ck_f90293f1eba5d7b6,0.02274087054938024
ck_2f6e64f638da0f97,0.0017870497265824199
ck_25dd0b02af5b2f37,0.08159885229545034
ck_a2637e4872cf4811,0.10557400908971244
ck_2ae44938847f3852,0.007711467639172051
ck_8347455ab53ff620,0.002797874383971127
ck_7aa2deeda0e57412,0.9960645323815258
ck_f9c4f8b4ce2691f0,0.01670690061989462
ck_e5f7b99ba6ec5767,0.012207354463277535
ck_59371c9140239fd7,0.014644210632885327
ck_3380d60067b4634b,0.002870171240789123
ck_27466468d06db4eb,0.04655151499454997
ck_16d2d27fadeeacf7,0.004493091511097111
ck_0d5c0736ec76385a,0.0006220219435450087
ck_8053f1879a9b4e43,0.0020308449506147314
ck_ecf9794349eb4b3b,0.016027377191802774
ck_913ecdeeb8e21a9c,0.006396197475640217
ck_687eab3ffe1f8cfa,0.013455235000503121
ck_e4459115cd8e5e4f,0.037817990574405685
ck_1964ee9db929a173,0.33610792933562267
ck_77fdac602d0c6f95,0.06413094961041975
ck_1a28b6a40a6bd3b4,0.09337278179975306
ck_bf285dd49f372de4,0.008120892806100368
ck_eb6baff0f85ba936,0.023316556980692047
ck_a9bf75bea912027b,0.03613392741644396
ck_bb4aec09d4968dda,0.14223842631960257
ck_48011996d54855ac,0.37141444815957764
ck_a1b4c96faed3e0db,0.03201043175261071
ck_8cb20053914692d0,0.05987821815422482
ck_5f52728d777ff2c5,0.006038053888925886
ck_d66f42a269d5c1ed,0.00830531754767764
ck_244b897bb4d57c1f,0.003752505857339059
ck_4eadbe7298b15e96,0.02235065195385121
ck_179039559ff7566c,0.023734358500022784
ck_a60fe02fc04407a9,0.051652048963960355
ck_baa47383ffd50f04,0.006495787669461257
ck_3b1766a1d51f8f0e,0.1821274445731314
ck_abc54ed7111e9ed1,0.0035874601012834463
ck_2a46b7ca55239413,0.0029764918578870617
ck_4ef9de711c3d93b1,0.01701752333310526
ck_ff822700f3605e06,0.9980544577151059
ck_783fe5bc20cd02db,0.036208812338017184
ck_ac9d3d9754104cf0,0.002400711889461556
ck_9800c21dfbd8e811,0.0034859984556193193
ck_454b9e21b7f25a4c,0.0019231933655445813
ck_17946516d5df71d7,0.008918549206570047
ck_b7e7f7d0cd886412,0.022799533467620134
ck_9eb5b3f5f672c2b1,0.00095464728345611
ck_089e3a07abbe3b8f,0.0038939874147262813
ck_6a28ea6ce69cb869,0.06944713701009295
ck_3be854e42e76569a,0.0014896807301797508
ck_d3e2c26b8adff099,0.013205939469519885
ck_47de038381a9cd65,0.01630336727051746
ck_e26a6659c237b650,0.011026694285825736
ck_7cf301d075e4e709,0.023324627561044118
ck_c56a44fe315c0389,0.003097724062809778
ck_0e70516fa07cfb17,0.8488810479789378
ck_d38f941d09eec820,0.04897207723293201
ck_d6a290ff8362c7b9,0.22586405302878768
ck_cda72f597330d0f3,0.0006715064585983092
ck_7c4f12d70f184533,0.0007763524083472223
ck_bccbf9fef367f00f,0.016455887334658286
ck_710f867a3bd5898c,0.0030716676280800243
ck_be05447853d423a9,0.0035992571786825365
ck_0414507baeea936a,0.012508137291144557
ck_60796eb60fc3043e,0.002349270549453783
ck_d0b32e039abb8200,0.0066435760338452
ck_9060f4e7ab7a1b0c,0.004685512874053655
ck_1e0841ed17fe0562,0.018740293390285614
ck_d523f0e50a2747ad,0.0038402684893238215
ck_e322da8b213eab52,0.0020239011228204286
ck_54b0b070689c50d6,0.000810451338332777
ck_e7dce27edb700f27,0.005491769635255945
ck_79e45040dbdd6447,0.020008469651357615
ck_259eb102342057ea,0.003564811343134266
ck_cd92852d7376a4a8,0.0011180570394699204
ck_a705c61bd679496f,0.011390281361053812
ck_4bfeb78b47b7c6a1,0.05832688433236102
ck_f7112818a6d81422,0.03258449308859631
ck_c2504f5a113433ee,0.0012948717559542818
ck_9915ceedf63a5289,0.12396652425280305
ck_bccff46fb0868454,0.13989320303875838
ck_db8733fd92f20cd7,0.01554924635647703
ck_8f3ccbd20d59f1f4,0.014868972212610278
ck_f77dfe6512eae322,0.03373297019628435
ck_957fb25437c75e41,0.0483787862035127
ck_46225858a38b2e57,0.004480140230986108
ck_f637fabf0f60528f,0.008659287993865792
ck_e6a6caf6e7de17c2,0.005756772120277152
ck_f7bc569b37e8bdda,0.006605906543749352
ck_e739eaaa7a1822f2,0.02644127596140566
ck_8409716d174635b6,0.006961161148613278
ck_04e40f556a5062ef,0.002876090418082571
ck_fa3b1e85d27af2ee,0.04621561952167008
ck_703b375dd86a6124,0.017300259824643473
ck_63ce4f44c92d7143,0.024413027940078887
ck_0d641d32658d6e0f,0.004838615604688149
ck_6a2c4edd82e10969,0.0025047790019141077
ck_4c5ff58afe3d7a67,0.0018799196266644875
ck_6b114f2a48152b96,0.0005032963443565169
ck_e842fb0cf055a83b,0.08370953925362733
ck_53d17ab97de1ac3e,0.011830875272410685
ck_8bb9e75393954a1f,0.0016610588446360223
ck_07cb2b6f2a4303e1,0.026814896177551215
ck_31631e2028d4f855,0.01346752393197338
ck_4bca22b5926b9c28,0.002211838911031985
ck_1631bab0ba1256db,0.014040916178686118
ck_41d91dc9f5063566,0.016933258912087495
ck_cd78f0832a09bd8f,0.3817773560973164
ck_d5194f2e92fd6427,0.01798380108647404
ck_e25f70d0b7229420,0.013982917347764494
ck_1496568ddc3b2d56,0.01188649819369772
ck_53a6a33060d5c8b8,0.004788436707138939
ck_1dbf1f15193197db,0.03910460644550733
ck_5c85d93ecfed4b0e,0.007722397106069929
ck_2b359a979520276e,0.0036549120170435707
ck_1c93cc58f314bf71,0.04540114304786293
ck_9341c7959543c542,0.002228219983294818
ck_1da9d40837ebaa57,0.011875840051359568
ck_265accb3c5c32620,0.18698551269235011
ck_ec4e597f17f473c6,0.004548416556717002
ck_612089ec90c37219,0.01394147735995637
ck_c6bf67470f526771,0.013906004021772424
ck_6eda4c36aecad602,0.0016280868563085269
ck_e62eb708d2688fae,0.019285867794511264
ck_e21a900556b382ad,0.009774594780239053
ck_fa3a766e49dc77ae,0.0026972359744374752
ck_18a55b06ccccd88b,0.01987669287012116
ck_6ba091eb42ffa9fb,0.0966328609497618
ck_7b8cb0f90fbdc8c6,0.004204285158112007
ck_228a583f23abff48,0.018618195298840547
ck_a3ce05e9e5e32142,0.005622063389031072
ck_fb4797045077bc6d,0.002695189015991322
ck_5fdafeaec036f016,0.012470768576478355
ck_e9e8cacd2fa35e79,0.012351618431253708
ck_ff182f033134dbb8,0.021324756276449384
ck_0cbd3b27063d4415,0.13776916187550975
ck_81709736281fa3eb,0.0010561796517904933
ck_b0a0fb0ee9ebf106,0.03479675460140406
ck_2faf7ecccc9fec58,0.0011153091052183905
ck_d251e9fa09e542dd,0.9964949673792438
ck_32f590e87bc3d715,0.0007612196964662677
ck_20de8abfd8960ee3,0.017208711622722226
ck_a60e6edc48e3d0ac,0.13600087720171364
ck_905e460591d9a278,0.07225486597808688
ck_2ca83dbd728af019,0.00275206913120117
ck_7061786fe2f22f5a,0.007608209971178473
ck_821446adc95e6da5,0.005262039588233507
ck_b1182471d9ac6b26,0.0017418385470394937
ck_59d380a0973b3951,0.008078728821225302
ck_f7fbc95ebf584379,0.002980383190503582
ck_8e9faf94e3e6c757,0.0008673374261657545
ck_d9ba2a6c0d926b4d,0.0025158919370305358
ck_4d3aa36ff83f1132,0.14730230487565815
ck_db906debc36a5d1e,0.0403995007018318
ck_329a73dbd585ee09,0.010565673262402464
ck_f6aea576cde8d592,0.0010672910104596999
ck_c40ffefe4e30b001,0.03778927760836411
ck_501dcf1ead036d2b,0.004522238684204636
ck_8247b79ac67aae7d,0.005917163136206077
ck_e48d14d5b70ef5aa,0.008129935422121027
ck_f3ab5dd853d38252,0.017024469203926442
ck_1a0aac7f7b94b1be,0.12943613773446236
ck_d4c8f0d957c3965d,0.04306348238735724
ck_9e3896c2668ce06b,0.01341760529106686
ck_227602ad072b838b,0.0010085499756947198
ck_9aa899a5230b0963,0.021054747171744628
ck_344b2e326a6c3dcc,0.002407145026882085
ck_baf43bf1bd963f9f,0.03032176145022195
ck_e6c584b4b1ad6d9d,0.0070215099342537625
ck_ab9f0e08af030060,0.009850711384550969
ck_5ad798286384484e,0.014625732502485228
ck_ae7780327e210522,0.01046103444089903
ck_185f15b1523bbcf4,0.0017319665143245172
ck_bf378ea558a4125f,0.6771547334653276
ck_1325000bc7f35b5e,0.0006355642110502674
ck_98e1992ac8e7d2de,0.03816227850119136
ck_71fd8c346fde5cca,0.05892460181618589
ck_47a884dec960ff2d,0.014064233278690632
ck_2dcbb71e39d64305,0.010284868818276711
ck_d546994fc5d3e9d1,0.007981187023492833
ck_c2c7d1e45a521857,0.027800437178199387
ck_d72035cb29db3aa4,0.019780403831792012
ck_a0498755cd8d7188,0.0012718498905287111
ck_a9aa389688ee5aea,0.01433073293726764
ck_ff24776280ceeeed,0.022644233922473122
ck_124432fd5c92af7e,0.5706642577891663
ck_b27a9e39726b26d9,0.001384300632134015
ck_c4a72c09f2fdacc4,0.010362913205828148
ck_bf47375e41ca3bc0,0.002705142778653098
ck_4c518637db2322d5,0.09585082671154456
ck_9e7278fc7679f002,0.030084238774009633
ck_b9facd2210daca5c,0.06949039576509349
ck_1c607e24f2c4397a,0.03195043206864139
ck_b1e81b58b9a545ce,0.0526856488351808
ck_9d5049e195eda029,0.009423070221479769
ck_29076a13f539187a,0.3691000362171562
ck_00013fdfa0bd37dd,0.004959843548223383
ck_b6675a04df1a4276,0.007419657695178778
ck_52427b3f8478db19,0.02344888646208883
ck_3b810f15ca0eaa55,0.001984087461025457
ck_0f6d916c92189516,0.015384101290641529
ck_b3dd1198ac5aea73,0.011773892822252335
ck_9776cd8263a9f415,0.008917616387783494
ck_7d51c86e0eec72ac,0.007344781528896926
ck_bc2e771a1d8d2dee,0.06275001226288802
ck_c10e54c9db29e6ef,0.9982364316770639
ck_7184ad7709ae4c80,0.03365828722470022
ck_e55f5ca37f30ce8c,0.008011976988631863
ck_fcfe06e44d09a344,0.006239404372696515
ck_ab3426435b0017d6,0.025319616174842977
ck_c383aeabd53e9c89,0.01480848044052112
ck_71bc01291e0533a0,0.016171333340522565
ck_8220da627e9992a5,0.0018746482169970037
ck_91d417507a8c58cb,0.15997871312193032
ck_79d6793d1d0cf43c,0.001297315479005845
ck_8d84d771a21942a7,0.0022834572121403366
ck_b046a42684468e63,0.007329656293246518
ck_1058129ed7b48c59,0.006518990470062532
ck_962e65ab33b5c311,0.92302513248116
ck_3ded7a8720d7e311,0.0024527911202868718
ck_9da82e567074da9d,0.02364002499708594
ck_7b1319a5ca2f63c6,0.9833407186459363
ck_2cfb9a7775e8a5bc,0.9181357585512382
ck_6846100e43659bf3,0.007834610706351742
ck_c72a7d0d03cf3e17,0.17554500696779887
ck_fb00aae4e17740c5,0.009573151206580212
ck_2770b0400a7bef08,0.042751279010092944
ck_b36086ae6d87eec1,0.002191531184782726
ck_ea2a83ccb8d57490,0.004484580032966035
ck_4be03a2aa62b93c7,0.0016323216824173953
ck_2786cbc3e75ec034,0.15346998956341953
ck_ae1da8ee98e402a4,0.004238453851517073
ck_b5e54e22e3d6960a,0.009644053630460893
ck_3d139692c51b604a,0.04409063794333641
ck_718a8390b3d42d7d,0.0032528708922152758
ck_62081bc35aa59931,0.009036658410241403
ck_7c7266f6ef2a8466,0.01717335663791906
ck_885cf685a9541190,0.9637125856539868
ck_2857a4ce9f72fbfa,0.0007094066665337539
ck_0ffdff7b2f5fdfe4,0.007250796153429307
ck_01a750db6fc1168a,0.11488286608430322
ck_7eb4f33260f1dcd4,0.011690092893203984
ck_260ef2f3e6434819,0.06830651138030078
ck_544a9e80b7fdc279,0.005879099494968485
ck_97d4bd922996fa10,0.019163042449359298
ck_795c49f312640019,0.0005317115478518837
ck_0f8cb09d3f4fc980,0.11974382820616292
ck_69eb0b2ccfbe5f95,0.005111812483603199
ck_44950df09ff14ded,0.0010280683756978839
ck_70d19d5650ddc8f5,0.0051834873783841735
ck_da39653add0f1109,0.0012329751514380488
ck_b7431d4706461ec6,0.0021990397582251175
ck_2f6a639468f41043,0.002164289005028646
ck_5a29b7018e43280c,0.0018621459445091928
ck_18bc51bbf3ef198e,0.04017704095257354
ck_5486768475af7bb5,0.8885961507821389
ck_edc9668282e3c8cb,0.005379115428800495
ck_b64c87d5e3b10e6a,0.7705463876027699
ck_bb399ed6bf28c230,0.026848963274074582
ck_7ea52b6f27edcb73,0.017759379822224964
ck_0789a05e061b2784,0.11328131811903216
ck_29ea329fa40ace62,0.01496063613649061
ck_0034d010d28aea78,0.017922455530947578
ck_b52b99dad89ecdfb,0.0178137764882186
ck_e7b583acaa3171a2,0.0347654515115193
ck_d2d4282f9d256b3e,0.006246300918203673
ck_130d3848b9dcdb05,0.0063983371359603225
ck_4fe4b072f03f2c1e,0.0014475333886407517
ck_16801e628e883d78,0.006359877301228476
ck_610c7bcc1cd7ecb0,0.010485252726358333
ck_34d6d74bb3ed11e5,0.002622514954859816
ck_e87897767c612942,0.014998944124636818
ck_d902183f80cc81fa,0.02497592817520545
ck_df69858b8a8b3165,0.014363851618056927
ck_90489c405e6886d8,0.0014101111676802969
ck_84d07028b5fca2f6,0.02323878268746901
ck_d96c893721385e4e,0.0011700430718294063
ck_f65ab819373edb37,0.005899038912669561
ck_21cac21fc10b7768,0.004077599898601906
ck_a0255ab46e122d2f,0.0009586030709717008
ck_084322dc5a3a86f0,0.0036503992203557097
ck_786448fe3004cbd0,0.0012676530701275638
ck_e155cf506b2fb699,0.003270832725678778
ck_5984be472d2bc267,0.18079276968159297
ck_dc3d8b5c17b67ae9,0.0010551148451461735
ck_5ab68b434ad53fea,0.00293340251782805
ck_2bd73d9098504760,0.032064142405356814
ck_d21b38231a8a9f4a,0.1359834719259378
ck_1dfa91405d7e66bc,0.003214713358487782
ck_ecdd01a391610d99,0.0025133295683314734
ck_f928dba0d587d7c1,0.0011052309673637256
ck_d87e26eb5bc84b01,0.0022973164660453405
ck_d66d59981307db93,0.017753739514478558
ck_07f1734be7fac56a,0.05426046943255077
ck_a9b0c4dbd7db6a91,0.011238219469322927
ck_1587763dd54688c9,0.005415781515504486
ck_dd30558576b45e7b,0.009762060369370782
ck_4cedf26628c84f26,0.04289297496291491
ck_a2d709e7eb91e4af,0.03887657085356906
ck_3c48e0cfc2a58041,0.34701380404605064
ck_b8fd61a8e82bce32,0.9868332620827185
ck_7a1519ad5ff45312,0.0010088912893840816
ck_9dc23031b6b494af,0.026075804677786616
ck_9ae904fbef56065c,0.0016383567083017854
ck_958acf84c6137a22,0.013301577446801903
ck_fe6e168cdbb46b9a,0.05601919732158256
ck_962c3bbf27cd4b80,0.07241135625994732
ck_df1a6edaa3e6b271,0.0024079645926360373
ck_df0a8f20ab8f14f4,0.018238352211834938
ck_b0a947b498e47018,0.013311342200372448
ck_b616b6f45225f319,0.0592628919404172
ck_ba3a6be026c87079,0.0016256306320522902
ck_bc7710f7e9fae649,0.0017776852821432267
ck_c5eefc0697451de9,0.02582967473480667
ck_e69195a3c885053d,0.003957663975617379
ck_52e37e2170532e2a,0.3541707717358759
ck_826a27ff7555192e,0.009822212109834702
ck_08c6cc1e143475e3,0.004020733755143677
ck_923d6a0f83accef1,0.00807899442367323
ck_09a988ebcf062297,0.10316343259902408
ck_17de46314b5c6a92,0.006762709917908914
ck_6176baea8cbebbb6,0.0033493984043451047
ck_e74716a525ee5b24,0.0022275037484108784
ck_8fea7d915259f1be,0.004201500282398555
ck_ddc11fc481eef58d,0.030353745910447306
ck_4feb21e2fb0b3977,0.009687861293233263
ck_03d3026107175dae,0.024334068503783116
ck_6ad56ef40086dbe4,0.0026742739430594457
ck_e81fc223bed3c46a,0.02519516803619091
ck_862c7953bdea48b0,0.008413564679656333
ck_c0dde2a6ef1e08c5,0.004078973030122523
ck_660f0006780e87e7,0.008645777021287094
ck_69887d0a9aaca6df,0.0014041234715534427
ck_a95f212a02433d23,0.0097241017012062
ck_ce1e695884511479,0.03067679294246226
ck_ebc5a2c6cf88e252,0.04621314997741165
ck_2122e9bb1afffef7,0.003640015462891829
ck_38730aace405f2ae,0.9943517919158911
ck_5691cd6fdb6d8147,0.02090438319032569
ck_7dadef33f5e2d94f,0.9909844969514521
ck_278b36c5932d9bff,0.004605934951989162
ck_6a892dd5d05c1649,0.0058803280795678954
ck_4a733aeb833406f4,0.008569443116456469
ck_953bd5de48ccd70f,0.7344897919691971
ck_3db59982cbae4410,0.028832108739182637
ck_b8d210e741be186e,0.002050267762163261
ck_7d6bff85e7a694bc,0.003444529301440904
ck_be86a1db08dea456,0.009397745848795947
ck_f761b7650a0c1a85,0.055750974389135725
ck_de8494b13adeffb5,0.004609962897780573
ck_f854fba8f4adae3d,0.023334485865592714
ck_b98e9c3ec6e7d1e7,0.004224647573711196
ck_ccb72a33cc1877b7,0.008029973841564455
ck_76997a33c3ea5107,0.0009191452235947109
ck_d00e09e66ed6458b,0.130831346283655
ck_2bd96ddb8c323d63,0.9816417844544775
ck_f792586ad0381eac,0.02411171085006048
ck_1eeeee651e05d535,0.023906528171958877
ck_fdf0c5b722d83464,0.006087870911056273
ck_a823f5bcb0e4b9df,0.0007938291940871583
ck_28f530aec8e77130,0.018142302817905638
ck_80b04344c98ec072,0.023523834183298575
ck_97e56e6037024dff,0.0009370463820966885
ck_7c38ec898f0fc21d,0.0030428830588581667
ck_205c3405045bd835,0.0027002208142457023
ck_b456f62b80e21557,0.0012242465097943131
ck_1d6990d94a4d2ad6,0.024661185284404225
ck_a574a08edaf81781,0.0026442887508218034
ck_c8f2a1dd8a6141a4,0.0025311226849190575
ck_51440f64f7250ad7,0.043897765696968453
ck_fa7de64d37287615,0.0324563705551171
ck_d07bfb16a4a7dac0,0.8600033734557766
ck_0d362ddb4a1cb6d4,0.01649550010434743
ck_292f81186358b0fa,0.0037287842182472546
ck_d6e7e257751c299b,0.0031010795071450092
ck_1b5b75762f033462,0.0069217814730592195
ck_152671fbf8a9a78e,0.075847330549609
ck_c0cf50eef030b401,0.0007304782107437765
ck_c1466b52c0a10b93,0.012807670104480234
ck_d208494cf5c90047,0.03918788965034575
ck_7fa947a0b1c1cf74,0.021055248725472302
ck_6cdac067cc4db5c5,0.08623215496221803
ck_e3894ed88a7977e4,0.0017789459304734685
ck_53f55c6e8cf2d432,0.003903787901387796
ck_a2c3e82fab520483,0.008729962168619525
ck_519a26ecf3d29c90,0.002969683413260988
ck_1a415416f620d49d,0.009646365174080955
ck_c24b47184534cc2c,0.9969032707586302
ck_b2b63ea65edf1dde,0.03438804679166689
ck_482dea6eed92cbbc,0.0055833312510681745
ck_7297bff2b7fdcbc8,0.0010967209275784238
ck_9a21d183524734aa,0.05446654619035795
ck_95945f48453ca532,0.03324885436166306
ck_6fc37dea4b4f35c6,0.04143174919694685
ck_afaf374009d3b248,0.007214240101226956
ck_10de0b0d86b17839,0.002509581707827158
ck_142c00f9f8557504,0.024187261092322054
ck_c0133f60d39b2fb5,0.023595302227955875
ck_864a11202e19e812,0.3205947860733924
ck_3f943f20a9da9bff,0.013396366177478506
ck_7346e4f820d9c00a,0.8776630902242356
ck_9790138467a06223,0.0015532992728989072
ck_35b1939c48182a9a,0.009985158061118262
ck_11f362dca2dfaf5a,0.012600190363144735
ck_ae0a7be6b0a0ea68,0.008464197905749688
ck_0af5b7d128035b35,0.014216752613888065
ck_8d8226520722af78,0.021754660887388602
ck_de58ef6f9fe2b546,0.008174409218450827
ck_0274d881d6db82c8,0.009028432860779407
ck_c88fc1bac79fa6d3,0.04438261804819781
ck_826ee896c9f1144d,0.120999883541292
ck_3b436cb29af99f3d,0.010425928047695009
ck_6f8102f62c876cc9,0.020500941588488922
ck_20fad010969f1abf,0.005682196447589325
ck_23aab322810b9fec,0.004885794468259506
ck_4e329e29dfa743ea,0.32903828009934377
ck_2a7eba01ceba6c2c,0.01727877581089706
ck_9eb1da8cd35a50ce,0.0032181509194345774
ck_da1a2450219dcf19,0.016946867928409316
ck_3716c6181a5035bc,0.004140504528897663
ck_51fe0b613c076cbe,0.014919026598503608
ck_8584fea2df4c6317,0.027541032178907632
ck_ea623358f704daa7,0.12882502588139924
ck_ca491debd3b32a59,0.010656040513346142
ck_18c3a095606209e8,0.006226743542662678
ck_71db4131d7efe218,0.003878352724485259
ck_a76e8d83b9141364,0.03181530192294362
ck_5d5ef9e75f65d076,0.03071156739461707
ck_683af7b1540a0b22,0.013355686918910521
ck_e8d37262e859d9a1,0.008415498310683082
ck_de5bb7a4d091386d,0.14113062949209196
ck_970c7dc195161272,0.0008998062871974342
ck_80a64a7f0275a71d,0.0032298264301552897
ck_04bd8a1ffaf3ffd8,0.0022299439798175572
ck_77e0589ab339ca66,0.0069822720621102756
ck_7baf1e55db0dc558,0.007679907059107781
ck_f05f5e4b40afa52f,0.03144957272833095
ck_dddd14091ce812c2,0.004539659764701074
ck_12c46bc52bf45b36,0.014739416575906822
ck_740d8fe8028b5a2e,0.012021215162607908
ck_cf78169633a1600f,0.0022935252437475914
ck_1a3fd2cc4b4de196,0.003984487867735219
ck_f4fe78e249092ab1,0.04410747694518322
ck_966901ea9c77cc02,0.004266734085004657
ck_f9fc468915afe49c,0.015322718452719172
ck_af3f74b1d75a5d95,0.008589637569442933
ck_af70aa32c009c3c9,0.015663835785141658
ck_da645ea91d66aa6f,0.45296044648056544
ck_e15e3390f5ed45f3,0.008361386168067185
ck_5f87eb05d18186c0,0.010088416795056454
ck_a61a879dd46fc9f2,0.00764010371254786
ck_024dcab126876002,0.0036809388593368316
ck_819b482bca14c068,0.3206475472446706
ck_15220e78d1545e40,0.010077911113666961
ck_2ca0020038bfec58,0.37548620416023365
ck_fb00dd5021642507,0.008075409074206258
ck_2737a72de6b700f3,0.10383359069070895
ck_263334d722ecbc97,0.5804870546671337
ck_ba1f6dd43fc8a0b1,0.002667893284758123
ck_5a22cb36d612236e,0.0033713776802573483
ck_d86ccf148c06c8c8,0.02973604982086933
ck_60b023af6d1e30bf,0.8592662444800107
ck_1c8b94efe9238f5b,0.002471426955449947
ck_0284dc2b4f856b3a,0.372783367549471
ck_72e550559487b919,0.003930795383463184
ck_7e73e1d44ce82ed9,0.004369471398792877
ck_f8dc8473c2772729,0.02616094882184017
ck_4596624a7c01d501,0.020517592858624888
ck_04e89fbd739243fa,0.0024994595249467977
ck_6149ffaf18872dc8,0.0015687410513271158
ck_e0171f91cb3411fe,0.01288354309849745
ck_1ecd5516c92caa4f,0.002150956827065625
ck_21e3b3bd998745e5,0.04700364587295413
ck_05ed92a7c3e10e5d,0.011769248339250877
ck_d6fb9cc5171e3e9b,0.6796189584199788
ck_f0cf85b67a9b840f,0.020944569869814886
ck_c58bafff7b1955cc,0.009015038498514191
ck_06280e6d6d2485b0,0.004399223625870422
ck_99d3983f907828bf,0.007370441975546196
ck_05ea4440dac6cfad,0.009355492778910878
ck_5eec9ed855c26000,0.0021704077251416933
ck_5ab39bdc9610f6f3,0.35675010321501593
ck_c35d444e05799db6,0.015484740807113807
ck_87cce4126e215153,0.006230904029708872
ck_713649668a7ca824,0.015385387035355374
ck_0b0c93039f987abc,0.005432948737880626
ck_6d07d6d1bd227d37,0.10704171907026444
ck_e00e82a9419ff086,0.014746603702518972
ck_eaf3b6d11bc3cb11,0.0031839886577015955
ck_2bb7c17168a9d17d,0.02780259135795773
ck_416f7ac57da081a3,0.005223845750430847
ck_b60de9e97aad9e45,0.7910973356561822
ck_7973edc9f22ee7b6,0.009477879319274754
ck_8452b6cf97c65a5e,0.006067027109773225
ck_6fb39b60c67d5475,0.0032092319478005805
ck_785fa45e86bc5e95,0.00620144597882894
ck_3eba1fd2c7acc4c0,0.3264385157954213
ck_c10c8bcf5bcd516e,0.0409894087337563
ck_2825e34dd3e7ea2a,0.003090514958142908
ck_67f3794d93e2dd67,0.05382172778323195
ck_9cbd9ecf8374f65f,0.0034440218663712493
ck_32246c62640648d9,0.0022051687412114277
ck_f301f6758e170d66,0.016205325193000275
ck_885a83975cea5e64,0.005866226393902493
ck_0d2901bfe585c391,0.14954179454774333
ck_52453401f88935da,0.0188519995453548
ck_f9d481aa4f9b2808,0.6184565317734783
ck_18c179b4afc4fccc,0.009100681730330512
ck_a477654d34783e06,0.003994652712537936
ck_7310cda3bc65a73f,0.0033464239715307693
ck_c20e89afe575549b,0.011103736069074633
ck_668ec61c4c39cae3,0.001982719181365346
ck_fc2cb29918631f10,0.10737538665177902
ck_15ce50f2704227be,0.012513150849903877
ck_0c533ff2d0f9962a,0.012247606480592777
ck_5881b174e49b04ee,0.0017607240819866
ck_371bd9388b287677,0.0019287135937844414
ck_91a16336ce3217dc,0.023104343098214523
ck_a760d38d1bc4de97,0.004570662413419805
ck_a9dded7f6294e44f,0.022942609406842628
ck_c8a03c516ed5b05c,0.06507071431518985
ck_25bfca1d8eaa152d,0.008562057291298554
ck_191673540d8486af,0.04083441857553259
ck_82eed68d05a42128,0.03374111000217006
ck_24b0803447211bf3,0.017254956476472596
ck_023908db0a193076,0.12115157008416573
ck_aca35dbcb835ad02,0.01409037999954714
ck_248b3659a9239240,0.006064766130496459
ck_a51abde881ebeff3,0.01456157488046124
ck_db9b9d5d30f74070,0.3173425239589776
ck_8b3401b44aaae728,0.003777955864179766
ck_0841a5c24fd3dd28,0.01604438715014925
ck_541b6ad5d2fa5a39,0.009571579739690184
ck_16c7bf94ed3e7a6f,0.0006370991360164144
ck_c82897ebffb6ae66,0.006657845450372625
ck_b4a6bb4689cd7cfa,0.012715688269034818
ck_7c4f42c5397113b0,0.0087188060504398
ck_73f124f075ede0fc,0.00461500432106348
ck_7584e7bd755cb28a,0.004281469673115641
ck_9f792e7e721ff7f1,0.003705653098974559
ck_c735b643d3cbf67b,0.002272601148131593
ck_58bb02d98e2b9cd5,0.021956837393517555
ck_0d65bc749eb42710,0.01370886953081965
ck_6c33cb15b0d8af54,0.009252930249486238
ck_c7f6f45710bc050f,0.004271017494855049
ck_aefa0d8d933e0eca,0.027418091075947053
ck_c1ee56d65a42f59f,0.017767215888128095
ck_66147fb994495396,0.29114888369725955
ck_06e73afdec26aecc,0.10260986474685253
ck_9fb8e3d38cdf276d,0.869791325289426
ck_ff3998d6858daa21,0.001121823999332269
ck_7f188aaa63d1d442,0.002986054971234403
ck_c7d444d90fa86d7c,0.459687845600282
ck_d68d42858a55adff,0.03576039912924063
ck_fa7d5be26bf7b31c,0.18324390989567818
ck_352657008983fd4b,0.01886228464344046
ck_7476e7fe1ff45545,0.02073480902785972
ck_41406cfa209b6bda,0.002645460162733286
ck_475ebccca25e30d1,0.01834285122135148
ck_49ccc3716a564256,0.012439310037937839
ck_04470bc93b8a0d71,0.004153398784359008
ck_084cd84501012218,0.7176412631929441
ck_684609767df4a14b,0.026997895042030474
ck_3e4d02a04be2aaf8,0.048318380873175595
ck_f01af1b0c977cc06,0.004386299698232013
ck_027614eeba8b1a4b,0.0021165772525538608
ck_0f743bd13373748e,0.01643695656076929
ck_399b0d510be98bd2,0.009894682098748839
ck_ca4465f2b5c1a52e,0.991729364165095
ck_2a59f23fc5194699,0.037515146328990286
ck_243c18dbf150831c,0.0012676855247704902
ck_88d9244a9cf7a77e,0.44289458928812353
ck_1ba28fb7ef726ce2,0.007295686411241833
ck_786f079389126e44,0.009372746387606943
ck_4f01f7eac0efaba5,0.006742841623007916
ck_47d29c01b20cf69f,0.006915668711634531
ck_07a5610ed28162fb,0.012210156213719063
ck_57b8226610b48854,0.007462734257280437
ck_c6fff412f531db0f,0.0006450578668058657
ck_bac6dadf428eaea9,0.023894043492279107
ck_e37196b20968b73c,0.015488916167797661
ck_12631b78f8a03df2,0.0033696640268410516
ck_2c6b174b063ec637,0.011624274874246499
ck_af559f990c640e41,0.0014733137983353605
ck_e7a3881c3e36bd51,0.4477895613914337
ck_5839f5cbd8165b1e,0.02492902882319905
ck_67858bc00e81490d,0.0005967894226328358
ck_4737e0d56c6fa0a1,0.019387007916987508
ck_93e0d6befb67f7a1,0.013067629238744096
ck_2e315f1b1e533dab,0.006101951998395077
ck_af32a0660090dd68,0.007464276156480294
ck_ede2e887697ffac0,0.0016304779566630814
ck_f48acb73a5d6af07,0.016191433093073877
ck_756d2c13d02b3e09,0.014055811664013852
ck_96fb9bf556842bbc,0.008308783622056864
ck_916784595f028226,0.028795388802072323
ck_20c99b645f462449,0.0028526795476924815
ck_9863bff41d24ce9b,0.016018645760811214
ck_5009a6c8bbaf15ba,0.030438510912815787
ck_a821980ac4db9943,0.3115822184549038
ck_e6de67c0d82a7b83,0.021363944557128776
ck_752dd3d2487f78ea,0.003825727201840781
ck_9652283c9f61fcec,0.0012048110265727723
ck_ff8059ae5fa5f1ee,0.0018822359967116337
ck_fc4a43f8876bf10f,0.1977250493447322
ck_a9aa5c344c315532,0.008749358483377784
ck_8e2b2251ee224aa4,0.004486253183362182
ck_3a47e3f54475e854,0.0015430570945893375
ck_51bd5f69b4fe0b92,0.41455749081917825
ck_d52432ed597f3cc9,0.0029929105844922017
ck_04fb61e5739642f8,0.09737082171186624
ck_fc3d95030b81f416,0.0005628246799878703
ck_1906f0dfaf6e9bad,0.2378446117327393
ck_66cfc1ebc9a513c8,0.0020457090508233765
ck_1411a80a157ff39c,0.010220142142549675
ck_9b436162039a77d0,0.01364675069112684
ck_b9485218cef413f0,0.00396148125194141
ck_b62f5144db15ad34,0.18335239224787023
ck_5dcd443fe0bbdeac,0.0021284305677163034
ck_b7dd681eb3d2ee38,0.003387675658961969
ck_bd21164bd2bbb635,0.017301379295147273
ck_e6222925762273b8,0.05100115238386927
ck_bfecad7586f65e4d,0.017540269834686907
ck_aa9953c0ca2bed7b,0.0007805179267723989
ck_bea56db7f3e930e8,0.008091030215343097
ck_e40a156511345d6a,0.00070171838414588
ck_03f6664a96de7d0f,0.020401226137169163
ck_1a319e509f1efa1a,0.002748683750371715
ck_7a52674e2806d8f5,0.012971211781799047
ck_ec4dd3675a8d28cc,0.004013285497909047
ck_dce1fb3acd65562f,0.00237980219900973
ck_abb9d65ff1f95b64,0.06731099109614136
ck_aaa9861c91bd14dd,0.0034737419010070015
ck_2cbc2f93a32eede8,0.020631296045330823
ck_f2d3e3d90608596d,0.16821793308384494
ck_127273af97d7827d,0.006756332941702015
ck_a6def1e4b2d57e0d,0.01916904511679752
ck_96247fee0eb44420,0.0033843265942711865
ck_5517b9a865960542,0.0013532605188530365
ck_37176850ed68831e,0.004442323985405963
ck_ae416325fef92c9d,0.9603235357586544
ck_f285e5e1912a7c62,0.002589249662875402
ck_368b65fca69fc415,0.07277376212320247
ck_9a36916b60178ded,0.3956773137347241
ck_4a0eae220a762ac5,0.015160743032586336
ck_e9b0bca7368555ef,0.003680291090959821
ck_da1c853b0a061e83,0.029046693105206113
ck_58412a2674fea506,0.025989510367633632
ck_9ab42875a0f95b43,0.07056428306161644
ck_affa5aa0bff9bb0c,0.004929260575268966
ck_d27a73596b6500c2,0.007274140773151764
ck_2d963f9b2c4d11e1,0.04214270363824054
ck_dc16f939c2f44ad8,0.16041198752303762
ck_97c38e7f61c27e47,0.010746767333063064
ck_861d8e3d88f1079e,0.07668006800363754
ck_819988d8a7f26415,0.0022045451116647643
ck_5e021f2a3b66e256,0.01635192868212674
ck_0428728df24cdab4,0.0011450011154956142
ck_780738e0d71e7e43,0.020652358748403758
ck_5fed957287ebca03,0.0021424084643804284
ck_bc19c383560c7477,0.013861637339270944
ck_b1befe967f7a5ebf,0.03811553355883252
ck_73a54b56a2bf35fe,0.8904021732188755
ck_60bf8a2870956fb1,0.008381274867141441
ck_6a0ccd7357979f0f,0.045904182112499144
ck_6b255bf68709109a,0.004544761231341358
ck_2cb3c99845e572da,0.0015731795351820754
ck_c9e1e3229baae708,0.01771788199719953
ck_1a4bb7d3d2ee3227,0.009493594182075083
ck_c7e07ebfb0bc15f6,0.03879767185108308
ck_4bb90a61c21a303b,0.007371792595065886
ck_3ade9eac7d7b0dbf,0.22628160992897994
ck_8171ef803f5ff604,0.008903333450449039
ck_4859a58629622915,0.023733553000098002
ck_20124c3a16c53ce4,0.003707775150198991
ck_dd3feb77d7d4f6d3,0.014584639605735547
ck_ed0c4a83701ca230,0.005738090415416174
ck_982ebb24174a4ade,0.0042826239299568495
ck_deb3ac0606d6f6db,0.00878734613128514
ck_e666629e5a41b39b,0.004402426029328275
ck_1a9d6190c57ea7e2,0.4102595099986648
ck_527550dd15f38782,0.008192229903937696
ck_480347ad92037105,0.010733816148088438
ck_00b9818e2064405e,0.048264006172851905
ck_b53281da70defcfa,0.011490405737404077
ck_3f090fc96c24eb28,0.0016979369349447544
ck_3d9afd862b3f4053,0.3654587033545112
ck_9bf3ce30b65f75c7,0.0562813054615772
ck_2d5a6b6636a2596b,0.0027439364265880563
ck_9a4967cdf49265cd,0.1790889433127064
ck_69691226c68fd50b,0.6472361852344611
ck_1b1efbd9c0964c8d,0.030553876447444405
ck_78bc3f1d0f35ea6c,0.0029273989666494895
ck_d288b77d1e227970,0.03403827727478604
ck_017208fcc01b5d40,0.004389546276674353
ck_8b3b874249adece9,0.06133105871394845
ck_49ab879b5aa7fccd,0.09438183828290178
ck_b3ce8f1bcedfa043,0.0037950625293790958
ck_7e3923d278a5106e,0.009904135071524907
ck_e05e91cc180063d4,0.05705022139244175
ck_ba666a425930615a,0.001701707576522155
ck_a8382d8345f21e1e,0.0020620041263118677
ck_3dee83fa2d109484,0.0010055231940597966
ck_2d177b2f4f0b40c9,0.1843119539228562
ck_40140bef4db73741,0.01327333644202614
ck_22c862a496008c96,0.997900355988064
ck_aa42976a31cb7770,0.0040481575962537115
ck_782b0be796164335,0.003390904181024121
ck_5f864d72d1eead99,0.08179356479642536
ck_0ada6fed1864e7c4,0.016356184425850996
ck_7878545739af0a73,0.0018203633621914118
ck_ab973888c20c9120,0.1268620541542661
ck_1ae460f331e49ae2,0.01653675563408938
ck_509c22828d467ba3,0.03331702441923165
ck_24dae044dc05f849,0.03580882289107715
ck_2b8f33e22f939372,0.823366341273912
ck_6a01c375fc26705a,0.0017518642530449202
ck_ae96d35465b3b4bd,0.005803927644515776
ck_512ebe97c0af94dd,0.033513533023254195
ck_5af9934a56801ac0,0.006465390987066437
ck_fc7445ec76389a58,0.3246391798482505
ck_b8266dcd90cbfa62,0.0014531941611719823
ck_884b2e463ff1d54f,0.003971222202984461
ck_95aff1fe27fb24bb,0.00924585189902028
ck_7bc752ae7cf5d55f,0.004056123069418914
ck_57b3fee69bdf85e8,0.0009430022680671787
ck_ef0d702d7b0ed745,0.0014136322867001323
ck_212380e0371d8a6d,0.026649838197612703
ck_2b90b76cf4d162f9,0.016180078137702003
ck_87771861e0447210,0.061609303629216926
ck_21fe7bc59dcd78fb,0.0011617500531109985
ck_fc0cc4b25e6a8194,0.0021254366154583094
ck_e7a530e09d113dd7,0.03245102275286881
ck_3f94a34f5038f7c1,0.7147410660031281
ck_124565a11b2f8bb8,0.0021810438829871015
ck_38ba4a6b6a292054,0.029738219948164963
ck_6a4981bc721df37a,0.023763122619483747
ck_4672167d7c989bbf,0.16598749474839342
ck_817926b449754917,0.004199402936113352
ck_54c2604c9ca6256b,0.008506397086201612
ck_0302f67d75973dce,0.00521909573341443
ck_9a6a1f8102febfca,0.02446384531155614
ck_7f1c20319eb60aa6,0.9969240112596199
ck_a86cd653472eccbc,0.010074637610889501
ck_02028b72f26fe855,0.004184081528081789
ck_4108b4038f762817,0.01649801131928478
ck_63356762d24aab81,0.010616647857821477
ck_5e3bc76eddbdb0a6,0.003700222806765565
ck_7f3685aa2933b251,0.04094232284379252
ck_3b92a46daf8d00d2,0.006956027487819734
ck_f1d8a2695a575e56,0.008743201012282226
ck_0324a4812ec319c6,0.00521455605564833
ck_5c36c78b7a4d138c,0.041770789296990546
ck_9b6282e3bad50710,0.008961934675172981
ck_7373d7b04c7799bd,0.01146769219307795
ck_0b0e79d33e50cba5,0.0031271306380161556
ck_f3c16d8f747db046,0.03665464219974841
ck_839ce35819bfa4fc,0.00239762460777923
ck_275386782b1606f8,0.0016806898274208892
ck_4e9fba1ec54c3ff8,0.007767012692228515
ck_4b041217690fca2f,0.015460756389093194
ck_a59e90219939a1f0,0.0017323987302656275
ck_a9c2cdc758df8510,0.02480830718739614
ck_720cd658d11ea428,0.0336121074262907
ck_fdeaa1cd085691f0,0.021015781850281853
ck_2bb1389e5e72c8f4,0.03567018372880964
ck_5de33a7a87e9aa62,0.046840695197370594
ck_f7a07283345a0dce,0.00933094066678845
ck_c375e929becde422,0.00437418202732066
ck_c84ef83489badbfd,0.02348552133315988
ck_cc3318839c4b0745,0.003226858996952247
ck_279a1d3a3836e5cc,0.016698460939410166
ck_7977135c2ff61e92,0.008245784159085553
ck_6a1ff9d69466181c,0.9992178540307901
ck_e1ff9e31becc27ae,0.0830824090477896
ck_a13fee8cd925d0dc,0.004600864665175823
ck_b170a7db522a0d6f,0.010916859154875154
ck_8d38747058d0aeea,0.8423037306944233
ck_18116d0ac08f1996,0.8658157640279197
ck_2210f7a0d13bdbef,0.017674793403325697
ck_1af547077ba2dd03,0.16024916034791123
ck_516163fcf04d5e77,0.007378558432668382
ck_8b39d8aacfdd72b4,0.045185284473127564
ck_d39b0152116203be,0.01418216704810465
ck_ed33f8a937f9c7c8,0.004272592156862106
ck_ea1e5b5128ecba2c,0.0032649295647395487
ck_8247f008a14bd1a2,0.0060157958467004415
ck_3d6046a533057795,0.0036515736934176744
ck_0bf2e13b9f2601ac,0.021042111183548054
ck_f4de03f44e3a5bd5,0.008645004107919388
ck_3ba3fa5387bacee8,0.000251661075204471
ck_8f604fa70fc3c8e3,0.009177374977944344
ck_64f3bb17101b7c42,0.005100994031466519
ck_a4e6fc391b674335,0.5240099422724447
ck_79b6a86830156b5a,0.017235894805376652
ck_d74123617f22a21e,0.006760755062985418
ck_9dbe184e81c1ca8d,0.22360885323628993
ck_de2924955926d046,0.016857791291440664
ck_e556c4d36aadbe03,0.002553701723760907
ck_e37cee7b123692af,0.02162162122566703
ck_c50fed2a7c9198c0,0.019833530179050343
ck_5647030283171ed5,0.844731256818242
ck_d4972a775aadbbc8,0.004633211502760229
ck_ce5ed372b1a2ed6b,0.014827186636801092
ck_3eb6146c262e0fc3,0.0007787796021033755
ck_53816231f3ffb48d,0.0049924943189069895
ck_afb23858a4ef42ed,0.9721487412770102
ck_3882423b449f6291,0.9184378664578563
ck_79b235d51718435d,0.026279946900374575
ck_298278a9da874437,0.02546743662123793
ck_32f632706608859e,0.0037225843993805453
ck_3638bc3388dbc1bc,0.12898012928001107
ck_ac7cdb9b8da7b5dd,0.007834296331342125
ck_7d025dea5951cba7,0.004326354775683618
ck_f06d00a4f9c87d80,0.004382709948663413
ck_d9c2622cb6df380b,0.006373578182392946
ck_d4ec44760cbe03f4,0.009420858489055628
ck_c1d05ef0ec6e4be7,0.003106215825314533
ck_5abe57dfff4b735c,0.010794507267997822
ck_53cddfba570b4a3b,0.00709870861457349
ck_7c500e219af39486,0.0037784660399459978
ck_3bece63711407e25,0.01308879470631623
ck_8ff1e6028e764472,0.8858480434555175
ck_8c346eeefa9ce692,0.012070859684433999
ck_d840db8cfe2ef6f1,0.0014117116052500523
ck_cc6d33890d47a6cf,0.014610121970557286
ck_2ab28149b0986642,0.04644947603677661
ck_4ad5937bef176d89,0.0027849703716339193
ck_645f15bbbcff3b4f,0.9848494490507065
ck_aba32acb61c1aaca,0.010994241331693149
ck_26de14b96bdad4f6,0.005343527293715371
ck_ab80466ef615e85c,0.0025574921605858417
ck_ba93cb604f792915,0.030824102096020028
ck_3830c58d841e9e69,0.7988446448032855
ck_1d5d74169cf892ef,0.03639938465360308
ck_eb2323215ff70362,0.05267820721114331
ck_6775e387dace7525,0.017352910121445048
ck_0ea30eff5f361cba,0.014562731440282611
ck_cc5a35175d381d5a,0.014053502943732697
ck_e14681aad43e1a72,0.021711168576959733
ck_3222ea25aa29bfa6,0.002523844079577932
ck_f6c42001b84a10cb,0.03356535501474636
ck_3753cc5b9d02e2fd,0.004686281675273449
ck_eaf6f7082c3db2bf,0.03579849152703921
ck_a9ffd6b3957bd41e,0.00661760521988754
ck_558a82590f65df69,0.003089276592753322
ck_7ec423cb56257516,0.007195278978135599
ck_b3867f7f494db64c,0.0010237022750703814
ck_3c9a06eb07c300e4,0.0008442668755433243
ck_d960af7a55b892b1,0.004395112824409131
ck_3d83e0a3c1cfbf8b,0.003957378194034667
ck_34ed59bc2c9b0186,0.0033516140797291063
ck_4136b00924695ab4,0.00026993558971128903
ck_c802cf8f61466027,0.001380346221703343
ck_de436e7b319be1fa,0.995118380612964
ck_91081be0254878a5,0.011517604086191768
ck_ec2eee6a133e9a6f,0.038368875519364805
ck_81429c4910ca46cd,0.0014852104722168776
ck_80ad4396e1084c68,0.022047182862291057
ck_11667f5b9fac7bc7,0.00155125593943478
ck_7367917891a63771,0.027473928046063405
ck_f908b527c4db422d,0.04262020452109285
ck_2329cc9702cdf7a0,0.04169159013793323
ck_6573c4947cc8607e,0.04628312064760762
ck_ebcb93a2990fc914,0.0944510358104364
ck_7a1782cefe26a456,0.049791251083516834
ck_ee3e7c9d3a9c74b4,0.010586364663556648
ck_720776a46e56dfa8,0.0025268979435617168
ck_bc8f31f4a2ffa1ae,0.0029202585151501762
ck_0cd8802264e0a1ef,0.014996986442952411
ck_c0d2c56f9c722e99,0.9901586743886461
ck_8c949bdc6e8720fa,0.10302815254813809
ck_0ada63008be5685a,0.029664639227353216
ck_a3f821bdf408c326,0.006144659428784997
ck_de13de941bebc7cf,0.0006066273745484696
ck_fc8cd8a8209e802d,0.023912632538978313
ck_181f3dae03b87136,0.06606241085651354
ck_ecaa6f13304e3dc5,0.0016903856691339483
ck_e06f6fed020ae014,0.006550914373517491
ck_2c041b1efb1c5063,0.005372060999820615
ck_8abd1a50a9227463,0.020612941901794447
ck_8ef1d05cc1e53e7e,0.031221929900722725
ck_4637e54a9f79e2e7,0.0035632266241762195
ck_e8bc49e6494c1f37,0.0026602526856222704
ck_11f9390a11ce9ff5,0.019866913163628208
ck_15b4840922195ffd,0.0172793685794091
ck_6bcfa37c717f19f1,0.008797316902090806
ck_efb24be983342f75,0.00758498153598286
ck_5b137d74bba6b1b4,0.0014173467641210868
ck_295c0072eca7f7a2,0.006578141591891687
ck_4af7b97c24d89a45,0.03148432630995367
ck_fa0ecbcf9a33d6ce,0.0020527037871630777
ck_da84a0dfe947fd3c,0.012921555044291025
ck_3e3c64b3b7876ce6,0.013417413796605137
ck_da2729307af06ed5,0.04748691281834911
ck_74d0e7c2c6b63d36,0.9624878237088057
ck_c478aae3031bb328,0.006695986539703278
ck_cf301f2194975866,0.003883204805392345
ck_086d29ccae565e5d,0.006075647218977224
ck_34a33ffe8339f66d,0.9395571551303626
ck_e57c79eaab35ded7,0.005092909833766015
ck_4940e78cbdcfecf3,0.011733859865248194
ck_578f67e69e5d2cfd,0.0008498567577395175
ck_c767fc454fa215d0,0.007029296011716369
ck_5d644224135d7c65,0.00425799355296083
ck_e78ab4ff52b5fd2d,0.004444194871477651
ck_51efdd240e34c642,0.04300440234857546
ck_c39c6a1453e2b92c,0.00262386062746842
ck_b080ff636932d1f1,0.0011681016815350016
ck_5c8390017fabfaef,0.01684323659785342
ck_61176dafb33b2d8a,0.32753572198247954
ck_fc6fed6ea96a004a,0.004285577006707177
ck_3e2516a3e35067e0,0.0056057701545065685
ck_17a95bba77217d85,0.02489245384447235
ck_1ffbce3a239bb264,0.002388432898748113
ck_7f960541e5174565,0.004592676157036379
ck_9b1c3742dd6fcb8b,0.01340749269545966
ck_d5458ba39ae94498,0.014489079887163765
ck_0a921a73a90c2e39,0.01037794761165058
ck_293581d879f6663b,0.8738259921784564
ck_03e904682dc73bba,0.005594001184542857
ck_4f490e379e9ded9a,0.0020765375421545
ck_9b9ce7bebc235fe8,0.003362228685153548
ck_a4a42d4bff8af645,0.004870423047882098
ck_b046067c6ca3831e,0.003305260413159812
ck_bc7ece8787ca7200,0.005808407476436689
ck_2c5bc11bb7ae5d2c,0.8680818095053116
ck_b74b9ba6d7c9aab7,0.08191393556146871
ck_91d48d69e4f5d9c2,0.0038482363143666357
ck_1a71f8081ae00190,0.983464261420886
ck_38ba64efa7c38250,0.033959720349165834
ck_1a6ddfeef82b1b1a,0.008218552975043052
ck_c4402ea6291df271,0.014780433639285828
ck_478d2667aa9896d9,0.027876542052680635
ck_c9490cb61aff5112,0.017427593394405833
ck_88f27ab479063852,0.011078186886791356
ck_b7793edca26fc512,0.010174093870804672
ck_f88028c3f306bc70,0.012434297342289236
ck_e8a6acea22b20312,0.18078459278743347
ck_c8b7f241810b45e5,0.0009091242244271994
ck_2408db62e4395ccd,0.010962467830948508
ck_bcdbf57d98dc0d27,0.03195793581932297
ck_b3225a98acd04f83,0.0021794796317273026
ck_35694db37f0cde7a,0.0005774893474895304
ck_87d55ca333f22072,0.0020272593083878587
ck_ccc917533d4b73d4,0.02267221583952779
ck_0c5ba86f4e05b38d,0.026860184577220097
ck_8740a14d8096c6e1,0.009934087183047646
ck_17ab24fe914ae44b,0.00339669250414702
ck_3b963d6be2773861,0.006976450825845413
ck_c183dff3781746cb,0.11380769176895517
ck_7336611650dcc088,0.0010186267492725382
ck_c817259019588d30,0.01047619901240587
ck_d39864119cdd460f,0.006659573276077196
ck_463ae759e2b6ad1d,0.005136059904500266
ck_e560f720a988d8a2,0.4615381212615235
ck_72dd0dbdf808cb00,0.07343958860198634
ck_32bb42f9bff197f8,0.0046731970261701915
ck_70bef9ddd4bab005,0.0030618001279809613
ck_4b15b0746318cf42,0.11499870018199508
ck_39a68c55a1bd3ace,0.2236800864418653
ck_4c76efcc1ee6762d,0.023151310491680167
ck_79f5198f0decef20,0.0029822607277801513
ck_f655399ac75c4450,0.005172330262897543
ck_24b53090faf722cf,0.005630919390371233
ck_11cb98211b2ed134,0.9696383610138773
ck_3534be0f4efd313c,0.06622015527106313
ck_28d2003c2d16e4b6,0.0010694624389125736
ck_d3796aebda1cfed5,0.9158537202415632
ck_a3a0bd59729fe619,0.004250334006347369
ck_8ddaf745bbb9cd62,0.0006780050249813953
ck_fa24db9d416ab904,0.0016047577229053945
ck_493b6256091014cd,0.05001595909785445
ck_57a6b56b09bff24e,0.0035425902763149986
ck_a2245822cfea997d,0.00278083920005004
ck_92f6ebc11ebca89b,0.10998164302024425
ck_fbf630c960194033,0.014416382219592152
ck_1c17c65804f8889e,0.003546000497318873
ck_00ff7389d6a83e29,0.06487274060028664
ck_bdd8eba728800e29,0.01460004936562449
ck_0525349f3945375b,0.13321182452722305
ck_d1b0699d26282871,0.02827442035740517
ck_a678731156ad7bd2,0.25092561691730686
ck_011551a596544f5d,0.0031306250804056935
ck_0bfe62e0c7eab9c9,0.015925565937481047
ck_e5ee006ecd8ff661,0.06622879911936812
ck_e2374c7136c964fd,0.0292886318089896
ck_af528d66c86f0cb8,0.002390422271956115
ck_5448c946cc4758fe,0.014019567367110691
ck_37d3e5c681a2214d,0.48755547891892376
ck_fca478361870a4ca,0.01750670354040568
ck_fb44d15fb93a7157,0.04080143388150617
ck_0e8f26536ccc8947,0.020257243380129256
ck_6768c4b2aa8ce586,0.008974166367800991
ck_6a548da1728b5823,0.9844187098036843
ck_0e7bf10ef49aa818,0.06317514323342817
ck_f2c824d3473db24c,0.0071087663646624425
ck_d9ffca35188e49d8,0.023499459115210845
ck_3db73bbe03c3d240,0.0017279834037555787
ck_899f88464305824a,0.02078004588735664
ck_148c28df51bba5e9,0.9382695258633728
ck_7955a359b6448799,0.0005597155104355058
ck_8c748aaa4a4554f9,0.016816101813177296
ck_fba15647b3a140d9,0.013550984648520547
ck_c2fc0ac460786d02,0.046980651232007495
ck_e42206e91f6a1752,0.0009972858450811937
ck_8c136dc691e65695,0.0005140125298077151
ck_8c0955dad13c3ca1,0.00842969830022995
ck_6d4cd2de601a2308,0.007040285427195328
ck_76ea90ebc74bcdc7,0.023278035095750216
ck_734f06bd4aa92781,0.014814641290407007
ck_41af3729590c2484,0.007446511291022169
ck_e63256667aa19070,0.05805655052662273
ck_1b2ce474fa6582b4,0.02617062517976725
ck_c8131ddc7ed33448,0.007898577998908462
ck_33ecff7914349ebc,0.01322348609910522
ck_36287d063350ce9d,0.005993502293543793
ck_956dd784525f5886,0.03740346479453277
ck_ba7b78d31d74c794,0.01077441860765107
ck_5bea0e0ee0b094cd,0.01597730543073611
ck_d6a4faadab58a3de,0.0029105351362387786
ck_bdb966f43ac350ee,0.01931877654960919
ck_3fa559c679751b3a,0.012664302111284928
ck_7ef019ed77276496,0.0029013620329233825
ck_0e6046fc30f81705,0.0075658956949398995
ck_53aca610e20598bc,0.00997122887645985
ck_5275be4e1577c1c7,0.009386735622988756
ck_43948784650bb9ac,0.011051693615169673
ck_5c87eea1cc07cc92,0.09304355044382258
ck_5f445182829ef342,0.01728148606683847
ck_cc81dbc83a8879fd,0.0036072157285351055
ck_68ef3e7301c621b7,0.005635306278145879
ck_e988c108754cee9c,0.005660882742646315
ck_3327a0582407068b,0.027399193368868084
ck_e1d563fab4d6116a,0.009810646476138963
ck_588f6e6a6a6d93e8,0.011417379194196118
ck_723b4afc388113c8,0.003993656221444535
ck_240f7f894c5a86e7,0.007522952028893206
ck_ab553954435e8854,0.8618979727302781
ck_78cd402a2a4f2e35,0.002109666263654148
ck_09054e97bdf9624e,0.003522198578853818
ck_303b33910d67f306,0.001090672871023088
ck_74e9747954a46eaa,0.0077834153135466645
ck_b56c62c950eda009,0.0014784006586692842
ck_58f757e40a9b8877,0.04847899408174951
ck_45a16ce12893cf9b,0.01017248383409237
ck_3272c2c4a37d5220,0.6633792830853185
ck_9cb89cc3178e0172,0.017240995690108857
ck_c5d62b2b7a6f3bac,0.9908555085236112
ck_0dd417fcbf19e424,0.01512615857633273
ck_5379452a9d74efae,0.003245153787560619
ck_344a95cb7115ec67,0.00978201153173995
ck_6f9fd15ac6b163de,0.0018492653060556716
ck_173e1198c341087b,0.0020082526408896784
ck_9994323f97109f4b,0.9734420878482782
ck_05f375fc8ae0afb0,0.00972280175904867
ck_d328db1e1052d820,0.0070913038931734495
ck_70396398e4a96449,0.004220595907541374
ck_61b067de8ffc1ca1,0.014934056266555605
ck_87809324c2675b0a,0.026383846249460285
ck_27cdf9c5e6f0915b,0.020388710975193382
ck_5b8fc4a76f340797,0.03741802250218195
ck_a44462a3853ac67e,0.9949059154338724
ck_466a7316eaf149b1,0.037107180214784485
ck_d35c51e981b98c5c,0.0050032251028290205
ck_99c0004d8b7079f8,0.005190169992975669
ck_8a8f81bf3558fd9c,0.0037338627568008374
ck_b4dcebc543deaafb,0.028392002944451298
ck_7158ad9e58769ffa,0.10701970691256378
ck_3c02d4dbbf6716b6,0.00921277000810118
ck_41ef7967faf5ce82,0.001248307566384293
ck_a7c1dabf3869772f,0.12320409142036962
ck_77d9f86dcf251739,0.006646414328230222
ck_02903c48b6cfd65d,0.004649371353425221
ck_b45e47c39d4dc7bf,0.0199788912394641
ck_e55e5bdfc0242aef,0.02705167455426885
ck_ae20e28f9854f3ee,0.014047953320409238
ck_9e65a8a2f587691a,0.011884724156604897
ck_dceabbe04d99afc2,0.002543993850316648
ck_837be8126bb19250,0.001443069765342333
ck_c05737ab74cf03c6,0.03967026207744712
ck_2cdf5fd97ba75e06,0.05404594323947388
ck_97b8e05d62abdc14,0.0032368704889920593
ck_7df9910af2bba21b,0.0029142192447417963
ck_850e2b59bc535490,0.0291087422831555
ck_978c21bb5fe3171e,0.030496730670819705
ck_d654449f9231ad76,0.005836792893955296
ck_e136e20c1c74fe38,0.004655678559482111
ck_2fe6cac002142f67,0.03322917565687556
ck_8432ccec1a4ec7fd,0.9966207520097402
ck_95e4bef65c36af1a,0.0010080869173065094
ck_a725d7aed2a0bdc2,0.0015481426915878004
ck_9b9d9e579e7b55b2,0.20292526993570176
ck_ea4332c8fe48e2a3,0.005621905481078281
ck_9937dad93a0ed3c1,0.004256229962563662
ck_3dc4d464386f0eb2,0.08726678842122586
ck_e0e90b196bef3c11,0.0010254821214918193
ck_2139062d4569aa07,0.0035056423856832876
ck_8de38f8c7f91961f,0.16131238712626694
ck_bdbb4230c91e1604,0.031948874043673456
ck_f7305b3c64cf8a03,0.06896150685952068
ck_454a7e4d859a3409,0.0020220430450934163
ck_00d6730134a1eb51,0.010372659953789063
ck_dd89a282375bbab6,0.04455830162544173
ck_be2251640f27a3c9,0.2099463042946
